<?xml version="1.0" encoding="utf-8" standalone="yes"?>
<rss version="2.0" xmlns:atom="http://www.w3.org/2005/Atom">
  <channel>
    <title>Kunstmatige-Intelligentie on Deductive</title>
    <link>http://localhost:1313/tags/kunstmatige-intelligentie/</link>
    <description>Recent content in Kunstmatige-Intelligentie on Deductive</description>
    <generator>Hugo</generator>
    <language>nl-NL</language>
    <lastBuildDate>Mon, 15 Jan 2024 00:00:00 +0000</lastBuildDate>
    <atom:link href="http://localhost:1313/tags/kunstmatige-intelligentie/index.xml" rel="self" type="application/rss+xml" />
    <item>
      <title>AI-agents vs traditionele automatisering: Wat is het verschil?</title>
      <link>http://localhost:1313/blog/getting-started-with-hugo/</link>
      <pubDate>Mon, 15 Jan 2024 00:00:00 +0000</pubDate>
      <guid>http://localhost:1313/blog/getting-started-with-hugo/</guid>
      <description>&lt;div class=&#34;bg-gray-50 p-6 rounded-lg mb-8&#34;&gt;&#xA;    &lt;h2 class=&#34;text-xl font-semibold mb-4&#34;&gt;Table of Contents&lt;/h2&gt;&#xA;    &lt;nav id=&#34;TableOfContents&#34;&gt;&#xA;  &lt;ul&gt;&#xA;    &lt;li&gt;&lt;a href=&#34;#inleiding&#34;&gt;Inleiding&lt;/a&gt;&lt;/li&gt;&#xA;    &lt;li&gt;&lt;a href=&#34;#wat-zijn-ai-agents&#34;&gt;Wat zijn AI-Agents?&lt;/a&gt;&lt;/li&gt;&#xA;    &lt;li&gt;&lt;a href=&#34;#traditionele-automatisering-vs-ai-agents&#34;&gt;Traditionele Automatisering vs AI-Agents&lt;/a&gt;&#xA;      &lt;ul&gt;&#xA;        &lt;li&gt;&lt;a href=&#34;#traditionele-automatisering&#34;&gt;Traditionele Automatisering&lt;/a&gt;&lt;/li&gt;&#xA;        &lt;li&gt;&lt;a href=&#34;#ai-agents&#34;&gt;AI-Agents&lt;/a&gt;&lt;/li&gt;&#xA;      &lt;/ul&gt;&#xA;    &lt;/li&gt;&#xA;    &lt;li&gt;&lt;a href=&#34;#praktische-toepassingen&#34;&gt;Praktische Toepassingen&lt;/a&gt;&#xA;      &lt;ul&gt;&#xA;        &lt;li&gt;&lt;a href=&#34;#in-de-klantenservice&#34;&gt;In de Klantenservice&lt;/a&gt;&lt;/li&gt;&#xA;        &lt;li&gt;&lt;a href=&#34;#in-procesautomatisering&#34;&gt;In Procesautomatisering&lt;/a&gt;&lt;/li&gt;&#xA;        &lt;li&gt;&lt;a href=&#34;#in-data-analyse&#34;&gt;In Data-Analyse&lt;/a&gt;&lt;/li&gt;&#xA;      &lt;/ul&gt;&#xA;    &lt;/li&gt;&#xA;    &lt;li&gt;&lt;a href=&#34;#voordelen-van-ai-agents&#34;&gt;Voordelen van AI-Agents&lt;/a&gt;&#xA;      &lt;ul&gt;&#xA;        &lt;li&gt;&lt;a href=&#34;#voor-bedrijven&#34;&gt;Voor Bedrijven&lt;/a&gt;&lt;/li&gt;&#xA;        &lt;li&gt;&lt;a href=&#34;#voor-werknemers&#34;&gt;Voor Werknemers&lt;/a&gt;&lt;/li&gt;&#xA;      &lt;/ul&gt;&#xA;    &lt;/li&gt;&#xA;    &lt;li&gt;&lt;a href=&#34;#implementatie-strategie&#34;&gt;Implementatie Strategie&lt;/a&gt;&#xA;      &lt;ul&gt;&#xA;        &lt;li&gt;&lt;a href=&#34;#stap-1-analyse&#34;&gt;Stap 1: Analyse&lt;/a&gt;&lt;/li&gt;&#xA;        &lt;li&gt;&lt;a href=&#34;#stap-2-pilot-project&#34;&gt;Stap 2: Pilot Project&lt;/a&gt;&lt;/li&gt;&#xA;        &lt;li&gt;&lt;a href=&#34;#stap-3-uitbreiding&#34;&gt;Stap 3: Uitbreiding&lt;/a&gt;&lt;/li&gt;&#xA;      &lt;/ul&gt;&#xA;    &lt;/li&gt;&#xA;    &lt;li&gt;&lt;a href=&#34;#veelgestelde-vragen&#34;&gt;Veelgestelde Vragen&lt;/a&gt;&#xA;      &lt;ul&gt;&#xA;        &lt;li&gt;&lt;a href=&#34;#vervangen-ai-agents-werknemers&#34;&gt;Vervangen AI-Agents Werknemers?&lt;/a&gt;&lt;/li&gt;&#xA;        &lt;li&gt;&lt;a href=&#34;#zijn-ai-agents-veilig&#34;&gt;Zijn AI-Agents Veilig?&lt;/a&gt;&lt;/li&gt;&#xA;        &lt;li&gt;&lt;a href=&#34;#wat-zijn-de-kosten&#34;&gt;Wat zijn de Kosten?&lt;/a&gt;&lt;/li&gt;&#xA;      &lt;/ul&gt;&#xA;    &lt;/li&gt;&#xA;    &lt;li&gt;&lt;a href=&#34;#conclusie&#34;&gt;Conclusie&lt;/a&gt;&lt;/li&gt;&#xA;    &lt;li&gt;&lt;a href=&#34;#bronnen-en-referenties&#34;&gt;Bronnen en Referenties&lt;/a&gt;&lt;/li&gt;&#xA;  &lt;/ul&gt;&#xA;&lt;/nav&gt;&#xA;&lt;/div&gt;&#xA;&#xA;&lt;h2 id=&#34;inleiding&#34;&gt;Inleiding&lt;/h2&gt;&#xA;&lt;p&gt;De wereld van bedrijfsautomatisering staat op het punt van een revolutie. Waar traditionele automatisering decennialang de standaard was, introduceren AI-agents een volledig nieuwe manier van procesoptimalisatie.&lt;/p&gt;</description>
    </item>
  </channel>
</rss>
