<?xml version="1.0" encoding="utf-8" standalone="yes"?><rss version="2.0" xmlns:atom="http://www.w3.org/2005/Atom"><channel><title>Klantervaring on Deductive</title><link>https://www.deductive.nl/tags/klantervaring/</link><description>Recent content in Klantervaring on Deductive</description><generator>Hugo</generator><language>nl-NL</language><lastBuildDate>Sat, 20 Jan 2024 00:00:00 +0000</lastBuildDate><atom:link href="https://www.deductive.nl/tags/klantervaring/index.xml" rel="self" type="application/rss+xml"/><item><title>Hoe AI-Chatbots de Klantenservice Transformeren in 2024</title><link>https://www.deductive.nl/blog/ai-chatbots-transformeren-klantenservice/</link><pubDate>Sat, 20 Jan 2024 00:00:00 +0000</pubDate><guid>https://www.deductive.nl/blog/ai-chatbots-transformeren-klantenservice/</guid><description>&lt;div class="bg-gray-50 p-6 rounded-lg mb-8">
 &lt;h2 class="text-xl font-semibold mb-4">Table of Contents&lt;/h2>
 &lt;nav id="TableOfContents">
 &lt;ul>
 &lt;li>&lt;a href="#de-evolutie-van-klantenservice">De Evolutie van Klantenservice&lt;/a>&lt;/li>
 &lt;li>&lt;a href="#waarom-ai-chatbots-essentieel-zijn">Waarom AI-Chatbots Essentieel Zijn&lt;/a>
 &lt;ul>
 &lt;li>&lt;a href="#247-beschikbaarheid">24/7 Beschikbaarheid&lt;/a>&lt;/li>
 &lt;li>&lt;a href="#gepersonaliseerde-ervaringen">Gepersonaliseerde Ervaringen&lt;/a>&lt;/li>
 &lt;/ul>
 &lt;/li>
 &lt;li>&lt;a href="#praktische-voordelen-voor-bedrijven">Praktische Voordelen voor Bedrijven&lt;/a>
 &lt;ul>
 &lt;li>&lt;a href="#kostenreductie">Kostenreductie&lt;/a>&lt;/li>
 &lt;li>&lt;a href="#verbeterde-efficiëntie">Verbeterde Efficiëntie&lt;/a>&lt;/li>
 &lt;li>&lt;a href="#waardevolle-inzichten">Waardevolle Inzichten&lt;/a>&lt;/li>
 &lt;/ul>
 &lt;/li>
 &lt;li>&lt;a href="#implementatie-strategie">Implementatie Strategie&lt;/a>
 &lt;ul>
 &lt;li>&lt;a href="#fase-1-analyse">Fase 1: Analyse&lt;/a>&lt;/li>
 &lt;li>&lt;a href="#fase-2-ontwikkeling">Fase 2: Ontwikkeling&lt;/a>&lt;/li>
 &lt;li>&lt;a href="#fase-3-uitrol">Fase 3: Uitrol&lt;/a>&lt;/li>
 &lt;/ul>
 &lt;/li>
 &lt;li>&lt;a href="#succesfactoren">Succesfactoren&lt;/a>
 &lt;ul>
 &lt;li>&lt;a href="#juiste-technologie">Juiste Technologie&lt;/a>&lt;/li>
 &lt;li>&lt;a href="#menselijke-touch">Menselijke Touch&lt;/a>&lt;/li>
 &lt;/ul>
 &lt;/li>
 &lt;li>&lt;a href="#toekomst-van-ai-chatbots">Toekomst van AI-Chatbots&lt;/a>&lt;/li>
 &lt;li>&lt;a href="#conclusie">Conclusie&lt;/a>&lt;/li>
 &lt;li>&lt;a href="#bronnen-en-referenties">Bronnen en Referenties&lt;/a>&lt;/li>
 &lt;/ul>
&lt;/nav>
&lt;/div>

&lt;h2 id="de-evolutie-van-klantenservice">De Evolutie van Klantenservice&lt;/h2>
&lt;p>Klantenservice heeft een dramatische transformatie ondergaan. Van traditionele callcenters naar moderne AI-chatbots - de manier waarop bedrijven met klanten communiceren is fundamenteel veranderd.&lt;/p></description></item></channel></rss>