<?xml version="1.0" encoding="utf-8" standalone="yes"?><rss version="2.0" xmlns:atom="http://www.w3.org/2005/Atom"><channel><title>Home on Deductive</title><link>https://www.deductive.nl/</link><description>Recent content in Home on Deductive</description><generator>Hugo</generator><language>nl-NL</language><lastBuildDate>Sat, 11 Jan 2025 00:00:00 +0000</lastBuildDate><atom:link href="https://www.deductive.nl/index.xml" rel="self" type="application/rss+xml"/><item><title>Waarom Deductive Discord Gebruikt als Klantencommunicatie Hub</title><link>https://www.deductive.nl/blog/waarom-discord-voor-klantenservice/</link><pubDate>Sat, 11 Jan 2025 00:00:00 +0000</pubDate><guid>https://www.deductive.nl/blog/waarom-discord-voor-klantenservice/</guid><description>&lt;h1 id="waarom-discord-de-moderne-klantencommunicatie-van-deductive">Waarom Discord? De Moderne Klantencommunicatie van Deductive&lt;/h1>
&lt;p>In de wereld van AI-oplossingen beweegt alles snel. Onze klanten hebben vragen, willen snel antwoorden, en zoeken een gemeenschap waar ze kunnen leren van elkaar. Daarom hebben wij bij Deductive gekozen voor Discord als onze centrale klantencommunicatie hub. Hier leggen we uit waarom deze keuze zo logisch is.&lt;/p>
&lt;h2 id="de-uitdaging-van-traditionele-klantenservice">De Uitdaging van Traditionele Klantenservice&lt;/h2>
&lt;p>Traditionele klantenservice werkt via email, telefoon, of ticketsystemen. Deze methoden hebben echter significante beperkingen:&lt;/p></description></item><item><title>De Nederlandse AI-Revolutie: Hoe Drie Bedrijven de Toekomst Vormgeven</title><link>https://www.deductive.nl/blog/toekomst-van-ai-in-nederlandse-bedrijven/</link><pubDate>Mon, 05 Feb 2024 00:00:00 +0000</pubDate><guid>https://www.deductive.nl/blog/toekomst-van-ai-in-nederlandse-bedrijven/</guid><description>&lt;h2 id="amsterdam-december-2024-een-land-in-transformatie">Amsterdam, December 2024: Een Land in Transformatie&lt;/h2>
&lt;p>In een glazen boardroom op de 32e verdieping van de Zuidas bekijkt Emma de Vries, Chief Innovation Officer van ABN AMRO, de nieuwste AI-rapporten. Beneden haar strekt Amsterdam zich uit - van de historische grachten tot de hypermoderne kantoren. Maar wat ze ziet, is meer dan een stad. Het is de toekomst van Nederland.&lt;/p>
&lt;p>&amp;ldquo;Kijk eens naar deze cijfers,&amp;rdquo; zegt ze tegen haar team. &amp;ldquo;Nederlandse bedrijven implementeren AI 40% sneller dan het Europees gemiddelde. We zijn niet meer de volgers - we zijn de pioniers geworden.&amp;rdquo;&lt;/p></description></item><item><title>Van Sceptisch CEO tot AI-Champion: Hoe TechnoVast hun Transformatie Doormaakte</title><link>https://www.deductive.nl/blog/ai-implementatie-stap-voor-stap/</link><pubDate>Thu, 01 Feb 2024 00:00:00 +0000</pubDate><guid>https://www.deductive.nl/blog/ai-implementatie-stap-voor-stap/</guid><description>&lt;h2 id="ai-is-gewoon-een-hype---wij-zijn-architecten-geen-techneuten">&amp;ldquo;AI is gewoon een hype - wij zijn architecten, geen techneuten&amp;rdquo;&lt;/h2>
&lt;p>Dat waren de woorden van Marcus van der Berg, CEO van TechnoVast, toen wij hem in maart 2023 voor het eerst ontmoetten. Zijn architectenbureau in Utrecht had 45 medewerkers en draaide goed - waarom zouden ze iets veranderen?&lt;/p>
&lt;p>Zes maanden later belde Marcus ons op een vrijdagmiddag: &amp;ldquo;Jullie hadden gelijk. Mijn grootste concurrent heeft net een groot project van ons afgepakt omdat zij in 2 dagen een offerte konden maken waar wij 2 weken voor nodig hadden. We moeten praten.&amp;rdquo;&lt;/p></description></item><item><title>Hoe een intelligente offertetool uw verkoopefficiëntie verhoogt</title><link>https://www.deductive.nl/blog/offertetool-verhoogt-verkoopeffici%C3%ABntie/</link><pubDate>Thu, 25 Jan 2024 00:00:00 +0000</pubDate><guid>https://www.deductive.nl/blog/offertetool-verhoogt-verkoopeffici%C3%ABntie/</guid><description>&lt;div class="bg-gray-50 p-6 rounded-lg mb-8">
 &lt;h2 class="text-xl font-semibold mb-4">Table of Contents&lt;/h2>
 &lt;nav id="TableOfContents">
 &lt;ul>
 &lt;li>&lt;a href="#de-uitdaging-van-moderne-offertes">De uitdaging van moderne offertes&lt;/a>&lt;/li>
 &lt;li>&lt;a href="#wat-is-een-intelligente-offertetool">Wat is een Intelligente Offertetool?&lt;/a>
 &lt;ul>
 &lt;li>&lt;a href="#analyseert-automatisch">Analyseert Automatisch&lt;/a>&lt;/li>
 &lt;li>&lt;a href="#berekent-intelligent">Berekent Intelligent&lt;/a>&lt;/li>
 &lt;li>&lt;a href="#personaliseert-effectief">Personaliseert Effectief&lt;/a>&lt;/li>
 &lt;/ul>
 &lt;/li>
 &lt;li>&lt;a href="#voordelen-voor-uw-bedrijf">Voordelen voor Uw Bedrijf&lt;/a>
 &lt;ul>
 &lt;li>&lt;a href="#1-dramatisch-snellere-offertes">1. Dramatisch Snellere Offertes&lt;/a>&lt;/li>
 &lt;li>&lt;a href="#2-hogere-conversiepercentages">2. Hogere Conversiepercentages&lt;/a>&lt;/li>
 &lt;li>&lt;a href="#3-verbeterde-winstmarges">3. Verbeterde Winstmarges&lt;/a>&lt;/li>
 &lt;li>&lt;a href="#4-consistente-kwaliteit">4. Consistente Kwaliteit&lt;/a>&lt;/li>
 &lt;/ul>
 &lt;/li>
 &lt;li>&lt;a href="#implementatie-proces">Implementatie Proces&lt;/a>
 &lt;ul>
 &lt;li>&lt;a href="#fase-1-analyse--setup">Fase 1: Analyse &amp;amp; Setup&lt;/a>&lt;/li>
 &lt;li>&lt;a href="#fase-2-configuratie">Fase 2: Configuratie&lt;/a>&lt;/li>
 &lt;li>&lt;a href="#fase-3-testing--optimalisatie">Fase 3: Testing &amp;amp; Optimalisatie&lt;/a>&lt;/li>
 &lt;/ul>
 &lt;/li>
 &lt;li>&lt;a href="#technische-innovaties">Technische Innovaties&lt;/a>
 &lt;ul>
 &lt;li>&lt;a href="#ai-algoritmen">AI-Algoritmen&lt;/a>&lt;/li>
 &lt;li>&lt;a href="#integraties">Integraties&lt;/a>&lt;/li>
 &lt;/ul>
 &lt;/li>
 &lt;li>&lt;a href="#roi-en-resultaten">ROI en Resultaten&lt;/a>
 &lt;ul>
 &lt;li>&lt;a href="#gemiddelde-resultaten">Gemiddelde Resultaten&lt;/a>&lt;/li>
 &lt;li>&lt;a href="#case-study-techsolutions-bv">Case Study: TechSolutions BV&lt;/a>&lt;/li>
 &lt;/ul>
 &lt;/li>
 &lt;li>&lt;a href="#toekomst-van-offerte-automatisering">Toekomst van Offerte-Automatisering&lt;/a>
 &lt;ul>
 &lt;li>&lt;a href="#nieuwe-ontwikkelingen">Nieuwe Ontwikkelingen&lt;/a>&lt;/li>
 &lt;li>&lt;a href="#verwachtingen-2024-2025">Verwachtingen 2024-2025&lt;/a>&lt;/li>
 &lt;/ul>
 &lt;/li>
 &lt;li>&lt;a href="#conclusie">Conclusie&lt;/a>&lt;/li>
 &lt;li>&lt;a href="#bronnen-en-referenties">Bronnen en Referenties&lt;/a>&lt;/li>
 &lt;li>&lt;a href="#volgende-stappen">Volgende Stappen&lt;/a>&lt;/li>
 &lt;/ul>
&lt;/nav>
&lt;/div>

&lt;h2 id="de-uitdaging-van-moderne-offertes">De uitdaging van moderne offertes&lt;/h2>
&lt;p>Het maken van offertes is een kritiek onderdeel van elk verkoopproces, maar vaak tijdrovend en foutgevoelig. Veel bedrijven worstelen met:&lt;/p></description></item><item><title>Hoe AI-Chatbots de Klantenservice Transformeren in 2024</title><link>https://www.deductive.nl/blog/ai-chatbots-transformeren-klantenservice/</link><pubDate>Sat, 20 Jan 2024 00:00:00 +0000</pubDate><guid>https://www.deductive.nl/blog/ai-chatbots-transformeren-klantenservice/</guid><description>&lt;div class="bg-gray-50 p-6 rounded-lg mb-8">
 &lt;h2 class="text-xl font-semibold mb-4">Table of Contents&lt;/h2>
 &lt;nav id="TableOfContents">
 &lt;ul>
 &lt;li>&lt;a href="#de-evolutie-van-klantenservice">De Evolutie van Klantenservice&lt;/a>&lt;/li>
 &lt;li>&lt;a href="#waarom-ai-chatbots-essentieel-zijn">Waarom AI-Chatbots Essentieel Zijn&lt;/a>
 &lt;ul>
 &lt;li>&lt;a href="#247-beschikbaarheid">24/7 Beschikbaarheid&lt;/a>&lt;/li>
 &lt;li>&lt;a href="#gepersonaliseerde-ervaringen">Gepersonaliseerde Ervaringen&lt;/a>&lt;/li>
 &lt;/ul>
 &lt;/li>
 &lt;li>&lt;a href="#praktische-voordelen-voor-bedrijven">Praktische Voordelen voor Bedrijven&lt;/a>
 &lt;ul>
 &lt;li>&lt;a href="#kostenreductie">Kostenreductie&lt;/a>&lt;/li>
 &lt;li>&lt;a href="#verbeterde-efficiëntie">Verbeterde Efficiëntie&lt;/a>&lt;/li>
 &lt;li>&lt;a href="#waardevolle-inzichten">Waardevolle Inzichten&lt;/a>&lt;/li>
 &lt;/ul>
 &lt;/li>
 &lt;li>&lt;a href="#implementatie-strategie">Implementatie Strategie&lt;/a>
 &lt;ul>
 &lt;li>&lt;a href="#fase-1-analyse">Fase 1: Analyse&lt;/a>&lt;/li>
 &lt;li>&lt;a href="#fase-2-ontwikkeling">Fase 2: Ontwikkeling&lt;/a>&lt;/li>
 &lt;li>&lt;a href="#fase-3-uitrol">Fase 3: Uitrol&lt;/a>&lt;/li>
 &lt;/ul>
 &lt;/li>
 &lt;li>&lt;a href="#succesfactoren">Succesfactoren&lt;/a>
 &lt;ul>
 &lt;li>&lt;a href="#juiste-technologie">Juiste Technologie&lt;/a>&lt;/li>
 &lt;li>&lt;a href="#menselijke-touch">Menselijke Touch&lt;/a>&lt;/li>
 &lt;/ul>
 &lt;/li>
 &lt;li>&lt;a href="#toekomst-van-ai-chatbots">Toekomst van AI-Chatbots&lt;/a>&lt;/li>
 &lt;li>&lt;a href="#conclusie">Conclusie&lt;/a>&lt;/li>
 &lt;li>&lt;a href="#bronnen-en-referenties">Bronnen en Referenties&lt;/a>&lt;/li>
 &lt;/ul>
&lt;/nav>
&lt;/div>

&lt;h2 id="de-evolutie-van-klantenservice">De Evolutie van Klantenservice&lt;/h2>
&lt;p>Klantenservice heeft een dramatische transformatie ondergaan. Van traditionele callcenters naar moderne AI-chatbots - de manier waarop bedrijven met klanten communiceren is fundamenteel veranderd.&lt;/p></description></item><item><title>AI-agents vs traditionele automatisering: Wat is het verschil?</title><link>https://www.deductive.nl/blog/getting-started-with-hugo/</link><pubDate>Mon, 15 Jan 2024 00:00:00 +0000</pubDate><guid>https://www.deductive.nl/blog/getting-started-with-hugo/</guid><description>&lt;div class="bg-gray-50 p-6 rounded-lg mb-8">
 &lt;h2 class="text-xl font-semibold mb-4">Table of Contents&lt;/h2>
 &lt;nav id="TableOfContents">
 &lt;ul>
 &lt;li>&lt;a href="#inleiding">Inleiding&lt;/a>&lt;/li>
 &lt;li>&lt;a href="#wat-zijn-ai-agents">Wat zijn AI-Agents?&lt;/a>&lt;/li>
 &lt;li>&lt;a href="#traditionele-automatisering-vs-ai-agents">Traditionele Automatisering vs AI-Agents&lt;/a>
 &lt;ul>
 &lt;li>&lt;a href="#traditionele-automatisering">Traditionele Automatisering&lt;/a>&lt;/li>
 &lt;li>&lt;a href="#ai-agents">AI-Agents&lt;/a>&lt;/li>
 &lt;/ul>
 &lt;/li>
 &lt;li>&lt;a href="#praktische-toepassingen">Praktische Toepassingen&lt;/a>
 &lt;ul>
 &lt;li>&lt;a href="#in-de-klantenservice">In de Klantenservice&lt;/a>&lt;/li>
 &lt;li>&lt;a href="#in-procesautomatisering">In Procesautomatisering&lt;/a>&lt;/li>
 &lt;li>&lt;a href="#in-data-analyse">In Data-Analyse&lt;/a>&lt;/li>
 &lt;/ul>
 &lt;/li>
 &lt;li>&lt;a href="#voordelen-van-ai-agents">Voordelen van AI-Agents&lt;/a>
 &lt;ul>
 &lt;li>&lt;a href="#voor-bedrijven">Voor Bedrijven&lt;/a>&lt;/li>
 &lt;li>&lt;a href="#voor-werknemers">Voor Werknemers&lt;/a>&lt;/li>
 &lt;/ul>
 &lt;/li>
 &lt;li>&lt;a href="#implementatie-strategie">Implementatie Strategie&lt;/a>
 &lt;ul>
 &lt;li>&lt;a href="#stap-1-analyse">Stap 1: Analyse&lt;/a>&lt;/li>
 &lt;li>&lt;a href="#stap-2-pilot-project">Stap 2: Pilot Project&lt;/a>&lt;/li>
 &lt;li>&lt;a href="#stap-3-uitbreiding">Stap 3: Uitbreiding&lt;/a>&lt;/li>
 &lt;/ul>
 &lt;/li>
 &lt;li>&lt;a href="#veelgestelde-vragen">Veelgestelde Vragen&lt;/a>
 &lt;ul>
 &lt;li>&lt;a href="#vervangen-ai-agents-werknemers">Vervangen AI-Agents Werknemers?&lt;/a>&lt;/li>
 &lt;li>&lt;a href="#zijn-ai-agents-veilig">Zijn AI-Agents Veilig?&lt;/a>&lt;/li>
 &lt;li>&lt;a href="#wat-zijn-de-kosten">Wat zijn de Kosten?&lt;/a>&lt;/li>
 &lt;/ul>
 &lt;/li>
 &lt;li>&lt;a href="#conclusie">Conclusie&lt;/a>&lt;/li>
 &lt;li>&lt;a href="#bronnen-en-referenties">Bronnen en Referenties&lt;/a>&lt;/li>
 &lt;/ul>
&lt;/nav>
&lt;/div>

&lt;h2 id="inleiding">Inleiding&lt;/h2>
&lt;p>De wereld van bedrijfsautomatisering staat op het punt van een revolutie. Waar traditionele automatisering decennialang de standaard was, introduceren AI-agents een volledig nieuwe manier van procesoptimalisatie.&lt;/p></description></item><item><title>Algemene Voorwaarden</title><link>https://www.deductive.nl/terms/</link><pubDate>Mon, 15 Jan 2024 00:00:00 +0000</pubDate><guid>https://www.deductive.nl/terms/</guid><description>&lt;h1 id="algemene-voorwaarden">Algemene Voorwaarden&lt;/h1>
&lt;p>&lt;em>Laatst bijgewerkt: 15 januari 2024&lt;/em>&lt;/p>
&lt;h2 id="1-definities">1. Definities&lt;/h2>
&lt;p>In deze algemene voorwaarden wordt verstaan onder:&lt;/p>
&lt;ul>
&lt;li>&lt;strong>Deductive&lt;/strong>: de besloten vennootschap Deductive, gevestigd te [adres], ingeschreven in het handelsregister onder nummer [KvK-nummer]&lt;/li>
&lt;li>&lt;strong>Opdrachtgever&lt;/strong>: de natuurlijke of rechtspersoon die een opdracht verstrekt aan Deductive&lt;/li>
&lt;li>&lt;strong>Diensten&lt;/strong>: alle door Deductive geleverde diensten, waaronder maar niet beperkt tot AI-consultancy, ontwikkeling van AI-chatbots, AI-agents en offertetools&lt;/li>
&lt;li>&lt;strong>Overeenkomst&lt;/strong>: elke overeenkomst tussen Deductive en Opdrachtgever&lt;/li>
&lt;li>&lt;strong>Intellectueel Eigendom&lt;/strong>: alle intellectuele eigendomsrechten, waaronder auteursrechten, merkrechten, octrooien en knowhow&lt;/li>
&lt;/ul>
&lt;h2 id="2-toepasselijkheid">2. Toepasselijkheid&lt;/h2>
&lt;h3 id="21-algemeen">2.1 Algemeen&lt;/h3>
&lt;p>Deze algemene voorwaarden zijn van toepassing op alle aanbiedingen, offertes en overeenkomsten tussen Deductive en Opdrachtgever, tenzij uitdrukkelijk schriftelijk anders overeengekomen.&lt;/p></description></item><item><title>Cookiebeleid</title><link>https://www.deductive.nl/cookies/</link><pubDate>Mon, 15 Jan 2024 00:00:00 +0000</pubDate><guid>https://www.deductive.nl/cookies/</guid><description>&lt;h1 id="cookiebeleid">Cookiebeleid&lt;/h1>
&lt;p>&lt;em>Laatst bijgewerkt: 15 januari 2024&lt;/em>&lt;/p>
&lt;h2 id="1-inleiding">1. Inleiding&lt;/h2>
&lt;p>Deductive (&amp;ldquo;wij&amp;rdquo;, &amp;ldquo;ons&amp;rdquo;, &amp;ldquo;onze&amp;rdquo;) gebruikt cookies en vergelijkbare technologieën op onze website &lt;a href="https://www.deductive.nl">www.deductive.nl&lt;/a>. Dit cookiebeleid legt uit wat cookies zijn, hoe wij ze gebruiken, en welke keuzes u heeft.&lt;/p>
&lt;h2 id="2-wat-zijn-cookies">2. Wat zijn cookies&lt;/h2>
&lt;h3 id="21-definitie">2.1 Definitie&lt;/h3>
&lt;p>Cookies zijn kleine tekstbestanden die op uw apparaat worden opgeslagen wanneer u onze website bezoekt. Ze helpen ons de website te laten functioneren, veiliger te maken, een betere gebruikerservaring te bieden en te begrijpen hoe de website presteert.&lt;/p></description></item><item><title>Privacybeleid</title><link>https://www.deductive.nl/privacy/</link><pubDate>Mon, 15 Jan 2024 00:00:00 +0000</pubDate><guid>https://www.deductive.nl/privacy/</guid><description>&lt;h1 id="privacybeleid">Privacybeleid&lt;/h1>
&lt;p>&lt;em>Laatst bijgewerkt: 15 januari 2024&lt;/em>&lt;/p>
&lt;h2 id="1-inleiding">1. Inleiding&lt;/h2>
&lt;p>Deductive (&amp;ldquo;wij&amp;rdquo;, &amp;ldquo;ons&amp;rdquo;, &amp;ldquo;onze&amp;rdquo;) respecteert uw privacy en zet zich in voor de bescherming van uw persoonsgegevens. Dit privacybeleid legt uit hoe wij uw persoonsgegevens verzamelen, gebruiken en beschermen wanneer u onze website bezoekt of gebruik maakt van onze AI-diensten.&lt;/p>
&lt;h2 id="2-wie-zijn-wij">2. Wie zijn wij&lt;/h2>
&lt;p>&lt;strong>Deductive&lt;/strong>&lt;br>
KvK-nummer: [Te vervangen met daadwerkelijk KvK-nummer]&lt;br>
BTW-nummer: [Te vervangen met daadwerkelijk BTW-nummer]&lt;br>
Adres: [Te vervangen met daadwerkelijk adres]&lt;br>
E-mail: &lt;a href="mailto:info@deductive.nl">info@deductive.nl&lt;/a>&lt;br>
Telefoon: [Te vervangen met daadwerkelijk telefoonnummer]&lt;/p></description></item><item><title>About Us</title><link>https://www.deductive.nl/en/company/</link><pubDate>Mon, 01 Jan 0001 00:00:00 +0000</pubDate><guid>https://www.deductive.nl/en/company/</guid><description>&lt;section class="bg-gradient-to-br from-blue-50 via-indigo-50 to-purple-50 pt-20 pb-32">
&lt;div class="container mx-auto px-4 sm:px-6 lg:px-8 max-w-7xl relative">

 &lt;div class="text-center">
 &lt;h1 class="text-5xl md:text-6xl font-bold mb-6">
 Where &lt;span class="text-transparent bg-clip-text bg-gradient-to-r from-blue-600 to-purple-600">Logic&lt;/span> 
 Meets &lt;span class="text-transparent bg-clip-text bg-gradient-to-r from-purple-600 to-indigo-600">Innovation&lt;/span>
 &lt;/h1>
 &lt;p class="text-xl md:text-2xl text-gray-600 max-w-4xl mx-auto leading-relaxed">
 At Deductive, we believe in the power of intelligent automation. Our team develops AI solutions that think, learn, and grow with your business.
 &lt;/p>
 &lt;/div>

&lt;/div>
&lt;/section>

&lt;section class="py-20">
&lt;div class="container mx-auto px-4 sm:px-6 lg:px-8 max-w-7xl relative">

 &lt;div class="max-w-4xl mx-auto text-center mb-16">
 &lt;h2 class="text-4xl md:text-5xl font-bold text-gray-900 mb-6">Our Mission&lt;/h2>
 &lt;p class="text-xl text-gray-600 leading-relaxed">
 We make artificial intelligence accessible and practical for businesses of all sizes. Our goal is to help organizations work smarter, not harder, through intelligent automation and AI-powered solutions.
 &lt;/p></description></item><item><title>Accordion Design Demo</title><link>https://www.deductive.nl/process-demos/accordion/</link><pubDate>Mon, 01 Jan 0001 00:00:00 +0000</pubDate><guid>https://www.deductive.nl/process-demos/accordion/</guid><description>&lt;section class="py-20 bg-white">
 &lt;div class="container mx-auto px-4 sm:px-6 lg:px-8 max-w-4xl">
 &lt;div class="text-center mb-16">
 &lt;h2 class="text-4xl font-bold mb-4">Interactieve AI-Implementatie Guide&lt;/h2>
 &lt;p class="text-xl text-gray-600">Klik op elke fase om meer te ontdekken&lt;/p>
 &lt;/div>
 
 &lt;div class="space-y-4">
 
 &lt;div class="accordion-item border-2 border-gray-200 rounded-xl overflow-hidden transition-all duration-300 hover:border-primary-300">
 &lt;div class="accordion-header bg-gradient-to-r from-primary-50 to-primary-100 p-6 cursor-pointer select-none" onclick="toggleAccordion(1)">
 &lt;div class="flex items-center justify-between">
 &lt;div class="flex items-center">
 &lt;div class="w-12 h-12 bg-primary-600 rounded-full flex items-center justify-center text-white font-bold mr-4">
 1
 &lt;/div>
 &lt;div>
 &lt;h3 class="text-xl font-bold text-gray-900">Discovery &amp; Analyse Fase&lt;/h3>
 &lt;p class="text-gray-600">Strategie ontwikkeling en requirement gathering&lt;/p>
 &lt;/div>
 &lt;/div>
 &lt;div class="flex items-center">
 &lt;span class="text-sm text-primary-600 font-semibold mr-4">1-2 weken&lt;/span>
 &lt;svg class="w-6 h-6 text-primary-600 transform transition-transform duration-300" id="arrow-1" fill="none" stroke="currentColor" viewBox="0 0 24 24">
 &lt;path stroke-linecap="round" stroke-linejoin="round" stroke-width="2" d="M19 9l-7 7-7-7"/>
 &lt;/svg>
 &lt;/div>
 &lt;/div>
 &lt;/div>
 &lt;div class="accordion-content max-h-0 overflow-hidden transition-all duration-300" id="content-1">
 &lt;div class="p-6 border-t border-gray-200">
 &lt;div class="grid grid-cols-1 md:grid-cols-2 gap-6">
 &lt;div>
 &lt;h4 class="font-semibold text-lg mb-3 text-gray-900">Wat we doen:&lt;/h4>
 &lt;ul class="space-y-2">
 &lt;li class="flex items-start">
 &lt;div class="w-2 h-2 bg-primary-600 rounded-full mt-2 mr-3">&lt;/div>
 &lt;span class="text-gray-700">Stakeholder interviews en workshops&lt;/span>
 &lt;/li>
 &lt;li class="flex items-start">
 &lt;div class="w-2 h-2 bg-primary-600 rounded-full mt-2 mr-3">&lt;/div>
 &lt;span class="text-gray-700">Huidige proces mapping en analyse&lt;/span>
 &lt;/li>
 &lt;li class="flex items-start">
 &lt;div class="w-2 h-2 bg-primary-600 rounded-full mt-2 mr-3">&lt;/div>
 &lt;span class="text-gray-700">Technical feasibility assessment&lt;/span>
 &lt;/li>
 &lt;li class="flex items-start">
 &lt;div class="w-2 h-2 bg-primary-600 rounded-full mt-2 mr-3">&lt;/div>
 &lt;span class="text-gray-700">ROI projecties en business case&lt;/span>
 &lt;/li>
 &lt;/ul>
 &lt;/div>
 &lt;div>
 &lt;h4 class="font-semibold text-lg mb-3 text-gray-900">Deliverables:&lt;/h4>
 &lt;div class="space-y-3">
 &lt;div class="bg-gray-50 p-3 rounded-lg">
 &lt;div class="font-medium text-gray-900">AI Strategy Document&lt;/div>
 &lt;div class="text-sm text-gray-600">Volledige strategie en implementatie roadmap&lt;/div>
 &lt;/div>
 &lt;div class="bg-gray-50 p-3 rounded-lg">
 &lt;div class="font-medium text-gray-900">Technical Architecture&lt;/div>
 &lt;div class="text-sm text-gray-600">Systeem architectuur en technische specificaties&lt;/div>
 &lt;/div>
 &lt;div class="bg-gray-50 p-3 rounded-lg">
 &lt;div class="font-medium text-gray-900">Project Timeline&lt;/div>
 &lt;div class="text-sm text-gray-600">Gedetailleerde planning en milestones&lt;/div>
 &lt;/div>
 &lt;/div>
 &lt;/div>
 &lt;/div>
 &lt;/div>
 &lt;/div>
 &lt;/div>
 
 
 &lt;div class="accordion-item border-2 border-gray-200 rounded-xl overflow-hidden transition-all duration-300 hover:border-secondary-300">
 &lt;div class="accordion-header bg-gradient-to-r from-secondary-50 to-secondary-100 p-6 cursor-pointer select-none" onclick="toggleAccordion(2)">
 &lt;div class="flex items-center justify-between">
 &lt;div class="flex items-center">
 &lt;div class="w-12 h-12 bg-secondary-600 rounded-full flex items-center justify-center text-white font-bold mr-4">
 2
 &lt;/div>
 &lt;div>
 &lt;h3 class="text-xl font-bold text-gray-900">Proof of Concept Fase&lt;/h3>
 &lt;p class="text-gray-600">Rapid prototyping en validatie&lt;/p></description></item><item><title>AI chatbot</title><link>https://www.deductive.nl/oplossingen/ai-chatbot/</link><pubDate>Mon, 01 Jan 0001 00:00:00 +0000</pubDate><guid>https://www.deductive.nl/oplossingen/ai-chatbot/</guid><description>&lt;!-- Hero Section -->
&lt;section class="relative min-h-screen flex items-center bg-gradient-to-br from-purple-50 via-blue-50 to-indigo-50 overflow-hidden">
&lt;div class="absolute inset-0 bg-circuit-pattern opacity-10">&lt;/div>
&lt;div class="absolute top-20 right-10 w-72 h-72 bg-gradient-to-br from-purple-400/20 to-blue-400/20 rounded-full blur-3xl animate-pulse">&lt;/div>
&lt;div class="absolute bottom-10 left-10 w-96 h-96 bg-gradient-to-tr from-indigo-400/20 to-cyan-400/20 rounded-full blur-3xl animate-pulse delay-1000">&lt;/div>
&lt;div class="container mx-auto px-4 sm:px-6 lg:px-8 max-w-7xl relative z-10">
&lt;div class="text-center mb-16">
&lt;!-- Trust Badge -->
&lt;div class="inline-flex items-center bg-white/80 backdrop-blur-sm rounded-full px-6 py-3 mb-8 shadow-lg border border-gray-100">
&lt;span class="w-3 h-3 bg-purple-500 rounded-full mr-3 animate-pulse">&lt;/span>
&lt;span class="text-gray-700 font-semibold text-sm">24/7 AI-ondersteuning voor 1000+ bedrijven&lt;/span>
&lt;/div>
&lt;!-- Main Headline -->
&lt;h1 class="text-4xl sm:text-5xl md:text-6xl lg:text-7xl font-bold text-gray-900 mb-6 leading-tight">
Intelligente 
&lt;span class="relative inline-block">
&lt;span class="text-transparent bg-clip-text bg-gradient-to-r from-purple-600 to-blue-600 animate-gradient">AI-chatbot&lt;/span>
&lt;div class="absolute -bottom-2 left-0 right-0 h-1 bg-gradient-to-r from-purple-600 to-blue-600 rounded-full animate-pulse">&lt;/div>
&lt;/span>
&lt;/h1>
&lt;!-- Subheadline -->
&lt;p class="text-lg sm:text-xl md:text-2xl text-gray-600 max-w-4xl mx-auto mb-8 leading-relaxed">
Moderne AI-chatbots gaan ver voorbij eenvoudige vraag-en-antwoord systemen. Onze geavanceerde natuurlijke taalverwerking en machine learning transformeren uw klantenservice met intelligente, contextbewuste gesprekken.
&lt;/p></description></item><item><title>AI-agents</title><link>https://www.deductive.nl/oplossingen/ai-agents/</link><pubDate>Mon, 01 Jan 0001 00:00:00 +0000</pubDate><guid>https://www.deductive.nl/oplossingen/ai-agents/</guid><description>&lt;!-- Hero Section -->
&lt;section class="relative min-h-screen flex items-center bg-gradient-to-br from-blue-50 via-cyan-50 to-sky-50 overflow-hidden">
&lt;!-- Background Pattern -->
&lt;div class="absolute inset-0 bg-chat-pattern opacity-5">&lt;/div>
&lt;!-- Animated Blobs -->
&lt;div class="absolute top-20 right-10 w-72 h-72 bg-gradient-to-br from-blue-400/20 to-cyan-400/20 rounded-full blur-3xl animate-pulse">&lt;/div>
&lt;div class="absolute bottom-10 left-10 w-96 h-96 bg-gradient-to-tr from-cyan-400/20 to-sky-400/20 rounded-full blur-3xl animate-pulse delay-1000">&lt;/div>
&lt;div class="container mx-auto px-4 sm:px-6 lg:px-8 max-w-7xl relative z-10">
&lt;div class="text-center mb-16">
&lt;!-- Trust Badge -->
&lt;div class="inline-flex items-center bg-white/80 backdrop-blur-sm rounded-full px-6 py-3 mb-8 shadow-lg border border-gray-100">
&lt;span class="w-3 h-3 bg-cyan-500 rounded-full mr-3 animate-pulse">&lt;/span>
&lt;span class="text-gray-700 font-semibold text-sm">Automatiseer complexe bedrijfsprocessen met AI&lt;/span>
&lt;/div>
&lt;!-- Main Headline -->
&lt;h1 class="text-4xl sm:text-5xl md:text-6xl lg:text-7xl font-bold text-gray-900 mb-6 leading-tight">
Autonome
&lt;span class="relative inline-block">
&lt;span class="text-transparent bg-clip-text bg-gradient-to-r from-blue-600 to-cyan-600 animate-gradient">AI-agents&lt;/span>
&lt;div class="absolute -bottom-2 left-0 right-0 h-1 bg-gradient-to-r from-blue-600 to-cyan-600 rounded-full animate-pulse">&lt;/div>
&lt;/span>
&lt;/h1>
&lt;p class="text-xl sm:text-2xl text-gray-600 mb-12 max-w-3xl mx-auto">
Transformeer uw bedrijfsprocessen met intelligente AI-agents die zelfstandig werken, beslissingen nemen en 24/7 operationeel zijn.
&lt;/p></description></item><item><title>Animated Design Demo</title><link>https://www.deductive.nl/process-demos/animated/</link><pubDate>Mon, 01 Jan 0001 00:00:00 +0000</pubDate><guid>https://www.deductive.nl/process-demos/animated/</guid><description>&lt;section class="py-20 bg-gradient-to-br from-gray-50 to-blue-50">
 &lt;div class="container mx-auto px-4 sm:px-6 lg:px-8 max-w-6xl">
 &lt;div class="text-center mb-16">
 &lt;h2 class="text-4xl font-bold mb-4">AI-Implementatie Journey&lt;/h2>
 &lt;p class="text-xl text-gray-600">Stap voor stap naar AI-succes&lt;/p>
 &lt;/div>
 
 &lt;div class="grid grid-cols-1 md:grid-cols-2 lg:grid-cols-4 gap-8">
 
 &lt;div class="process-step group" data-step="1">
 &lt;div class="relative bg-white rounded-2xl shadow-lg p-6 transform hover:scale-105 transition-all duration-500 hover:shadow-2xl">
 
 &lt;div class="absolute -top-4 -right-4 w-12 h-12 bg-primary-600 rounded-full flex items-center justify-center text-white font-bold text-lg shadow-lg">
 01
 &lt;/div>
 
 
 &lt;div class="w-16 h-16 bg-primary-100 rounded-full flex items-center justify-center mb-6 group-hover:bg-primary-200 transition-colors duration-300">
 &lt;svg class="w-8 h-8 text-primary-600" fill="none" stroke="currentColor" viewBox="0 0 24 24">
 &lt;path stroke-linecap="round" stroke-linejoin="round" stroke-width="2" d="M9.663 17h4.673M12 3v1m6.364 1.636l-.707.707M21 12h-1M4 12H3m3.343-5.657l-.707-.707m2.828 9.9a5 5 0 117.072 0l-.548.547A3.374 3.374 0 0014 18.469V19a2 2 0 11-4 0v-.531c0-.895-.356-1.754-.988-2.386l-.548-.547z"/>
 &lt;/svg>
 &lt;/div>
 
 
 &lt;h3 class="text-xl font-bold mb-3">Discovery &amp; Strategische Planning&lt;/h3>
 &lt;p class="text-gray-600 mb-4">We duiken diep in uw bedrijfsprocessen en identificeren de meest impactvolle AI-mogelijkheden.&lt;/p></description></item><item><title>Beautiful Design System</title><link>https://www.deductive.nl/features/design-system/</link><pubDate>Mon, 01 Jan 0001 00:00:00 +0000</pubDate><guid>https://www.deductive.nl/features/design-system/</guid><description>&lt;h2 id="comprehensive-design-system">Comprehensive Design System&lt;/h2>
&lt;p>Our theme includes a complete design system that makes it easy to create beautiful, consistent interfaces. Built on TailwindCSS, it provides the flexibility to customize every aspect of your design while maintaining a professional look.&lt;/p>
&lt;h3 id="design-components">Design Components&lt;/h3>
&lt;h4 id="core-elements">Core Elements&lt;/h4>
&lt;ul>
&lt;li>Typography system with perfect vertical rhythm&lt;/li>
&lt;li>Color palette with semantic variables&lt;/li>
&lt;li>Spacing and sizing scales&lt;/li>
&lt;li>Grid and layout systems&lt;/li>
&lt;/ul>
&lt;h4 id="ui-components">UI Components&lt;/h4>
&lt;ul>
&lt;li>Navigation components (headers, footers, menus)&lt;/li>
&lt;li>Hero sections and feature displays&lt;/li>
&lt;li>Cards and content containers&lt;/li>
&lt;li>Forms and input elements&lt;/li>
&lt;li>Buttons and CTAs&lt;/li>
&lt;li>Pricing tables&lt;/li>
&lt;li>Testimonial displays&lt;/li>
&lt;li>Team member profiles&lt;/li>
&lt;/ul>
&lt;h4 id="design-features">Design Features&lt;/h4>
&lt;h5 id="customization">Customization&lt;/h5>
&lt;ul>
&lt;li>Easy theme customization through TailwindCSS&lt;/li>
&lt;li>Brand color management&lt;/li>
&lt;li>Typography customization&lt;/li>
&lt;li>Spacing system adjustment&lt;/li>
&lt;li>Component variants&lt;/li>
&lt;/ul>
&lt;h5 id="accessibility">Accessibility&lt;/h5>
&lt;ul>
&lt;li>WCAG 2.1 compliant components&lt;/li>
&lt;li>Proper ARIA attributes&lt;/li>
&lt;li>Keyboard navigation support&lt;/li>
&lt;li>High contrast mode support&lt;/li>
&lt;li>Screen reader optimized&lt;/li>
&lt;/ul>
&lt;h5 id="responsive-design">Responsive Design&lt;/h5>
&lt;ul>
&lt;li>Mobile-first approach&lt;/li>
&lt;li>Breakpoint system&lt;/li>
&lt;li>Fluid typography&lt;/li>
&lt;li>Adaptive layouts&lt;/li>
&lt;li>Touch-friendly interactions&lt;/li>
&lt;/ul>
&lt;p>Our design system provides the perfect foundation for creating beautiful, accessible, and responsive websites that stand out from the crowd.&lt;/p></description></item><item><title>Circular Design Demo</title><link>https://www.deductive.nl/process-demos/circular/</link><pubDate>Mon, 01 Jan 0001 00:00:00 +0000</pubDate><guid>https://www.deductive.nl/process-demos/circular/</guid><description>&lt;section class="py-20 bg-gray-900 text-white relative overflow-hidden">
 &lt;div class="container mx-auto px-4 sm:px-6 lg:px-8 max-w-6xl">
 &lt;div class="text-center mb-16">
 &lt;h2 class="text-4xl font-bold mb-4">AI-Transformatie Cyclus&lt;/h2>
 &lt;p class="text-xl text-gray-300">Een continue cyclus van innovatie en verbetering&lt;/p>
 &lt;/div>
 
 
 &lt;div class="absolute inset-0 overflow-hidden">
 &lt;div class="absolute top-1/4 left-1/4 w-96 h-96 bg-primary-600 rounded-full opacity-10 animate-pulse">&lt;/div>
 &lt;div class="absolute bottom-1/4 right-1/4 w-64 h-64 bg-secondary-600 rounded-full opacity-10 animate-pulse" style="animation-delay: 1s;">&lt;/div>
 &lt;/div>
 
 &lt;div class="relative z-10 flex justify-center">
 &lt;div class="relative w-96 h-96 mx-auto">
 
 &lt;div class="absolute top-1/2 left-1/2 transform -translate-x-1/2 -translate-y-1/2 w-24 h-24 bg-gradient-to-br from-primary-600 to-secondary-600 rounded-full flex items-center justify-center shadow-2xl">
 &lt;svg class="w-12 h-12 text-white" fill="none" stroke="currentColor" viewBox="0 0 24 24">
 &lt;path stroke-linecap="round" stroke-linejoin="round" stroke-width="2" d="M13 10V3L4 14h7v7l9-11h-7z"/>
 &lt;/svg>
 &lt;/div>
 
 
 &lt;div class="absolute inset-0 border-4 border-dashed border-gray-600 rounded-full animate-spin" style="animation-duration: 30s;">&lt;/div>
 
 
 &lt;div class="absolute top-0 left-1/2 transform -translate-x-1/2 -translate-y-1/2 group">
 &lt;div class="w-16 h-16 bg-primary-600 rounded-full flex items-center justify-center shadow-xl hover:scale-110 transition-transform duration-300 cursor-pointer">
 &lt;span class="text-white font-bold text-lg">1&lt;/span>
 &lt;/div>
 &lt;div class="absolute top-full mt-4 left-1/2 transform -translate-x-1/2 w-64 opacity-0 group-hover:opacity-100 transition-opacity duration-300">
 &lt;div class="bg-white text-gray-900 p-4 rounded-lg shadow-xl">
 &lt;h3 class="font-bold text-lg mb-2">Strategische Analyse&lt;/h3>
 &lt;p class="text-sm mb-3">Diepgaande analyse van uw business processes en AI-mogelijkheden&lt;/p></description></item><item><title>Contact</title><link>https://www.deductive.nl/contact/</link><pubDate>Mon, 01 Jan 0001 00:00:00 +0000</pubDate><guid>https://www.deductive.nl/contact/</guid><description/></item><item><title>Contact</title><link>https://www.deductive.nl/en/contact/</link><pubDate>Mon, 01 Jan 0001 00:00:00 +0000</pubDate><guid>https://www.deductive.nl/en/contact/</guid><description/></item><item><title>Dashboard Design Demo</title><link>https://www.deductive.nl/process-demos/dashboard/</link><pubDate>Mon, 01 Jan 0001 00:00:00 +0000</pubDate><guid>https://www.deductive.nl/process-demos/dashboard/</guid><description>&lt;section class="py-20 bg-gradient-to-br from-gray-100 to-gray-200">
 &lt;div class="container mx-auto px-4 sm:px-6 lg:px-8 max-w-7xl">
 &lt;div class="text-center mb-16">
 &lt;h2 class="text-4xl font-bold mb-4">AI-Implementatie Dashboard&lt;/h2>
 &lt;p class="text-xl text-gray-600">Real-time inzicht in uw AI-transformatie proces&lt;/p>
 &lt;/div>
 
 
 &lt;div class="bg-white rounded-2xl shadow-2xl p-8">
 
 &lt;div class="grid grid-cols-1 md:grid-cols-4 gap-6 mb-8">
 &lt;div class="bg-gradient-to-r from-primary-500 to-primary-600 rounded-xl p-6 text-white">
 &lt;div class="flex items-center justify-between">
 &lt;div>
 &lt;p class="text-primary-100 text-sm font-medium">GEMIDDELDE PROJECTDUUR&lt;/p>
 &lt;p class="text-2xl font-bold">8-12 weken&lt;/p>
 &lt;/div>
 &lt;div class="w-12 h-12 bg-white bg-opacity-20 rounded-full flex items-center justify-center">
 &lt;svg class="w-6 h-6" fill="currentColor" viewBox="0 0 24 24">
 &lt;path d="M12 2C6.48 2 2 6.48 2 12s4.48 10 10 10 10-4.48 10-10S17.52 2 12 2zm-2 15l-5-5 1.41-1.41L10 14.17l7.59-7.59L19 8l-9 9z"/>
 &lt;/svg>
 &lt;/div>
 &lt;/div>
 &lt;/div>
 
 &lt;div class="bg-gradient-to-r from-secondary-500 to-secondary-600 rounded-xl p-6 text-white">
 &lt;div class="flex items-center justify-between">
 &lt;div>
 &lt;p class="text-secondary-100 text-sm font-medium">SUCCES RATE&lt;/p></description></item><item><title>Developer Experience</title><link>https://www.deductive.nl/features/developer-experience/</link><pubDate>Mon, 01 Jan 0001 00:00:00 +0000</pubDate><guid>https://www.deductive.nl/features/developer-experience/</guid><description>&lt;h2 id="built-for-developers">Built for Developers&lt;/h2>
&lt;p>Our theme is designed with developers in mind, providing a clean, efficient workflow that makes building websites enjoyable and productive.&lt;/p>
&lt;h3 id="development-features">Development Features&lt;/h3>
&lt;h4 id="project-structure">Project Structure&lt;/h4>
&lt;ul>
&lt;li>Logical directory organization&lt;/li>
&lt;li>Clear separation of concerns&lt;/li>
&lt;li>Modular component architecture&lt;/li>
&lt;li>Consistent naming conventions&lt;/li>
&lt;/ul>
&lt;h4 id="development-workflow">Development Workflow&lt;/h4>
&lt;ul>
&lt;li>Fast hot reload development server&lt;/li>
&lt;li>Automatic asset processing&lt;/li>
&lt;li>Source maps for debugging&lt;/li>
&lt;li>Build process optimization&lt;/li>
&lt;/ul>
&lt;h4 id="component-system">Component System&lt;/h4>
&lt;h5 id="shortcodes">Shortcodes&lt;/h5>
&lt;ul>
&lt;li>Rich set of pre-built shortcodes&lt;/li>
&lt;li>Easy to create custom shortcodes&lt;/li>
&lt;li>Documentation for each shortcode&lt;/li>
&lt;li>Example implementations&lt;/li>
&lt;/ul>
&lt;h5 id="partials">Partials&lt;/h5>
&lt;ul>
&lt;li>Reusable partial templates&lt;/li>
&lt;li>Context-aware components&lt;/li>
&lt;li>Easy to extend and modify&lt;/li>
&lt;li>Clear documentation&lt;/li>
&lt;/ul>
&lt;h4 id="customization">Customization&lt;/h4>
&lt;h5 id="configuration">Configuration&lt;/h5>
&lt;ul>
&lt;li>Central configuration file&lt;/li>
&lt;li>Environment variables support&lt;/li>
&lt;li>Feature flags&lt;/li>
&lt;li>Easy theme customization&lt;/li>
&lt;/ul>
&lt;h5 id="styling">Styling&lt;/h5>
&lt;ul>
&lt;li>TailwindCSS integration&lt;/li>
&lt;li>PostCSS processing&lt;/li>
&lt;li>Custom CSS support&lt;/li>
&lt;li>Design token system&lt;/li>
&lt;/ul>
&lt;h4 id="documentation">Documentation&lt;/h4>
&lt;ul>
&lt;li>Getting started guide&lt;/li>
&lt;li>Component documentation&lt;/li>
&lt;li>Configuration reference&lt;/li>
&lt;li>Best practices&lt;/li>
&lt;li>Troubleshooting guide&lt;/li>
&lt;li>Deployment instructions&lt;/li>
&lt;/ul>
&lt;p>Our developer experience focuses on making it easy to build, customize, and maintain your website while following best practices and maintaining clean, efficient code.&lt;/p></description></item><item><title>License</title><link>https://www.deductive.nl/license/</link><pubDate>Mon, 01 Jan 0001 00:00:00 +0000</pubDate><guid>https://www.deductive.nl/license/</guid><description>&lt;h2 id="mit-license">MIT License&lt;/h2>
&lt;p>Copyright (c) 2024&lt;/p>
&lt;p>Permission is hereby granted, free of charge, to any person obtaining a copy
of this software and associated documentation files (the &amp;ldquo;Software&amp;rdquo;), to deal
in the Software without restriction, including without limitation the rights
to use, copy, modify, merge, publish, distribute, sublicense, and/or sell
copies of the Software, and to permit persons to whom the Software is
furnished to do so, subject to the following conditions:&lt;/p></description></item><item><title>Lightning-Fast Performance</title><link>https://www.deductive.nl/features/performance/</link><pubDate>Mon, 01 Jan 0001 00:00:00 +0000</pubDate><guid>https://www.deductive.nl/features/performance/</guid><description>&lt;h2 id="built-for-speed">Built for Speed&lt;/h2>
&lt;p>Our theme is engineered from the ground up with performance in mind. By leveraging Hugo&amp;rsquo;s powerful static site generation and combining it with modern optimization techniques, we deliver websites that load instantly and run smoothly.&lt;/p>
&lt;h3 id="performance-metrics">Performance Metrics&lt;/h3>
&lt;ul>
&lt;li>&lt;strong>Build Time&lt;/strong>: Less than 1 second for most sites&lt;/li>
&lt;li>&lt;strong>Page Load Time&lt;/strong>: Under 500ms first contentful paint&lt;/li>
&lt;li>&lt;strong>Time to Interactive&lt;/strong>: Under 1.5 seconds&lt;/li>
&lt;li>&lt;strong>Google Lighthouse Score&lt;/strong>: 95+ on all metrics&lt;/li>
&lt;/ul>
&lt;h3 id="optimization-features">Optimization Features&lt;/h3>
&lt;h4 id="asset-optimization">Asset Optimization&lt;/h4>
&lt;ul>
&lt;li>Automatic image optimization and WebP conversion&lt;/li>
&lt;li>CSS minification and purging of unused styles&lt;/li>
&lt;li>JavaScript bundling and tree-shaking&lt;/li>
&lt;li>Lazy loading of images and components&lt;/li>
&lt;/ul>
&lt;h4 id="caching-strategy">Caching Strategy&lt;/h4>
&lt;ul>
&lt;li>Efficient browser caching with proper headers&lt;/li>
&lt;li>Static asset fingerprinting&lt;/li>
&lt;li>Pre-rendered HTML for instant loads&lt;/li>
&lt;li>Service worker for offline capabilities&lt;/li>
&lt;/ul>
&lt;h4 id="cdn-integration">CDN Integration&lt;/h4>
&lt;ul>
&lt;li>Built for global distribution&lt;/li>
&lt;li>Edge caching ready&lt;/li>
&lt;li>Automatic cache invalidation&lt;/li>
&lt;li>Geographic redundancy&lt;/li>
&lt;/ul>
&lt;p>Our performance-first approach ensures your website not only looks great but delivers an exceptional user experience through blazing-fast load times and smooth interactions.&lt;/p></description></item><item><title>Offertetool</title><link>https://www.deductive.nl/oplossingen/offertetool/</link><pubDate>Mon, 01 Jan 0001 00:00:00 +0000</pubDate><guid>https://www.deductive.nl/oplossingen/offertetool/</guid><description>&lt;!-- Interactive Hero Section -->
&lt;section class="relative min-h-screen flex items-center bg-gradient-to-br from-green-50 via-emerald-50 to-teal-50 overflow-hidden">
&lt;div class="absolute inset-0 bg-chat-pattern opacity-5">&lt;/div>
&lt;div class="absolute top-20 right-10 w-72 h-72 bg-gradient-to-br from-green-400/20 to-emerald-400/20 rounded-full blur-3xl animate-pulse">&lt;/div>
&lt;div class="absolute bottom-10 left-10 w-96 h-96 bg-gradient-to-tr from-teal-400/20 to-cyan-400/20 rounded-full blur-3xl animate-pulse delay-1000">&lt;/div>
&lt;div class="container mx-auto px-4 sm:px-6 lg:px-8 max-w-7xl relative z-10">
&lt;div class="text-center mb-16">
&lt;!-- Trust Badge -->
&lt;div class="inline-flex items-center bg-white/80 backdrop-blur-sm rounded-full px-6 py-3 mb-8 shadow-lg border border-gray-100">
&lt;span class="w-3 h-3 bg-green-500 rounded-full mr-3 animate-pulse">&lt;/span>
&lt;span class="text-gray-700 font-semibold text-sm">85% sneller offertes voor 500+ bedrijven&lt;/span>
&lt;/div>
&lt;!-- Main Headline -->
&lt;h1 class="text-4xl sm:text-5xl md:text-6xl lg:text-7xl font-bold text-gray-900 mb-6 leading-tight">
Chat-gebaseerde 
&lt;span class="relative inline-block">
&lt;span class="text-transparent bg-clip-text bg-gradient-to-r from-green-600 to-emerald-600 animate-gradient">Offertetool&lt;/span>
&lt;div class="absolute -bottom-2 left-0 right-0 h-1 bg-gradient-to-r from-green-600 to-emerald-600 rounded-full animate-pulse">&lt;/div>
&lt;/span>
&lt;/h1>
&lt;!-- Subheadline -->
&lt;p class="text-lg sm:text-xl md:text-2xl text-gray-600 max-w-4xl mx-auto mb-8 leading-relaxed">
Revolutioneer uw verkoopproces met een AI-agent die automatisch offertes genereert via natuurlijke gesprekken op WhatsApp, website of email.
&lt;/p></description></item><item><title>Over ons</title><link>https://www.deductive.nl/bedrijf/</link><pubDate>Mon, 01 Jan 0001 00:00:00 +0000</pubDate><guid>https://www.deductive.nl/bedrijf/</guid><description>&lt;!-- Enhanced Hero Section -->
&lt;section class="relative min-h-screen flex items-center bg-gradient-to-br from-blue-50 via-indigo-50 to-purple-50 overflow-hidden">
&lt;div class="absolute inset-0 bg-circuit-pattern opacity-10">&lt;/div>
&lt;div class="absolute top-20 right-10 w-72 h-72 bg-gradient-to-br from-blue-400/20 to-purple-400/20 rounded-full blur-3xl animate-pulse">&lt;/div>
&lt;div class="absolute bottom-10 left-10 w-96 h-96 bg-gradient-to-tr from-indigo-400/20 to-cyan-400/20 rounded-full blur-3xl animate-pulse delay-1000">&lt;/div>
&lt;div class="container mx-auto px-4 sm:px-6 lg:px-8 max-w-7xl relative z-10">
&lt;div class="text-center mb-16">
&lt;!-- Trust Badge -->
&lt;div class="inline-flex items-center bg-white/80 backdrop-blur-sm rounded-full px-6 py-3 mb-8 shadow-lg border border-gray-100">
&lt;span class="w-3 h-3 bg-blue-500 rounded-full mr-3 animate-pulse">&lt;/span>
&lt;span class="text-gray-700 font-semibold text-sm">Opgericht in 2024 • 5 tevreden klanten&lt;/span>
&lt;/div>
&lt;!-- Main Headline -->
&lt;h1 class="text-4xl sm:text-5xl md:text-6xl lg:text-7xl font-bold text-gray-900 mb-6 leading-tight">
Waar 
&lt;span class="relative inline-block">
&lt;span class="text-transparent bg-clip-text bg-gradient-to-r from-blue-600 to-purple-600 animate-gradient">Logica&lt;/span>
&lt;div class="absolute -bottom-2 left-0 right-0 h-1 bg-gradient-to-r from-blue-600 to-purple-600 rounded-full animate-pulse">&lt;/div>
&lt;/span>
menselijkheid ontmoet
&lt;/h1>
&lt;!-- Subheadline -->
&lt;p class="text-lg sm:text-xl md:text-2xl text-gray-600 max-w-4xl mx-auto mb-8 leading-relaxed">
Bij Deductive bouwen we de toekomst van AI-gedreven bedrijfsoplossingen met ongeëvenaarde vakmanschap. Onze missie is het democratiseren van geavanceerde AI-technologie voor bedrijven van elke omvang, zonder compromissen op kwaliteit.
&lt;/p></description></item><item><title>Pagina Niet Gevonden</title><link>https://www.deductive.nl/404/</link><pubDate>Mon, 01 Jan 0001 00:00:00 +0000</pubDate><guid>https://www.deductive.nl/404/</guid><description>&lt;h1 id="404---pagina-niet-gevonden">404 - Pagina Niet Gevonden&lt;/h1>
&lt;p>De pagina die u zoekt bestaat niet of is verplaatst.&lt;/p>
&lt;h2 id="wat-kunt-u-doen">Wat kunt u doen?&lt;/h2>
&lt;ul>
&lt;li>Ga terug naar de &lt;a href="https://www.deductive.nl/">homepage&lt;/a>&lt;/li>
&lt;li>Bekijk onze &lt;a href="https://www.deductive.nl/oplossingen/">oplossingen&lt;/a>&lt;/li>
&lt;li>Lees onze &lt;a href="https://www.deductive.nl/blog/">blog&lt;/a>&lt;/li>
&lt;li>&lt;a href="https://www.deductive.nl/contact/">Neem contact op&lt;/a> als u hulp nodig heeft&lt;/li>
&lt;/ul>
&lt;h2 id="populaire-paginas">Populaire Pagina&amp;rsquo;s&lt;/h2>
&lt;ul>
&lt;li>&lt;a href="https://www.deductive.nl/oplossingen/ai-chatbot/">AI Chatbot&lt;/a>&lt;/li>
&lt;li>&lt;a href="https://www.deductive.nl/oplossingen/ai-agents/">AI-Agents&lt;/a>&lt;/li>
&lt;li>&lt;a href="https://www.deductive.nl/oplossingen/offertetool/">Offertetool&lt;/a>&lt;/li>
&lt;li>&lt;a href="https://www.deductive.nl/company/">Over Ons&lt;/a>&lt;/li>
&lt;li>&lt;a href="https://www.deductive.nl/contact/">Contact&lt;/a>&lt;/li>
&lt;/ul></description></item><item><title>Pricing</title><link>https://www.deductive.nl/en/pricing/</link><pubDate>Mon, 01 Jan 0001 00:00:00 +0000</pubDate><guid>https://www.deductive.nl/en/pricing/</guid><description>&lt;section class="bg-gradient-to-br from-blue-50 via-indigo-50 to-purple-50 pt-20 pb-32">
&lt;div class="container mx-auto px-4 sm:px-6 lg:px-8 max-w-7xl relative">

 &lt;div class="text-center">
 &lt;h1 class="text-5xl md:text-6xl font-bold mb-6">
 Simple, &lt;span class="text-transparent bg-clip-text bg-gradient-to-r from-blue-600 to-purple-600">Transparent&lt;/span> Pricing
 &lt;/h1>
 &lt;p class="text-xl md:text-2xl text-gray-600 max-w-4xl mx-auto leading-relaxed">
 Choose the perfect AI solution for your business. No hidden fees, no surprises.
 &lt;/p>
 &lt;/div>

&lt;/div>
&lt;/section>

&lt;section class="py-20">
&lt;div class="container mx-auto px-4 sm:px-6 lg:px-8 max-w-7xl relative">

 &lt;div class="max-w-6xl mx-auto">
 &lt;div class="grid grid-cols-1 md:grid-cols-3 gap-8">
 &lt;!-- Starter Package -->
 &lt;div class="bg-white rounded-3xl p-8 shadow-lg hover:shadow-xl transition-all duration-300 border border-gray-100">
 &lt;div class="text-center mb-8">
 &lt;h3 class="text-2xl font-bold text-gray-900 mb-4">Starter&lt;/h3>
 &lt;div class="text-4xl font-bold text-blue-600 mb-2">€499&lt;/div>
 &lt;div class="text-gray-600">per month&lt;/div>
 &lt;/div>
 &lt;ul class="space-y-4 mb-8">
 &lt;li class="flex items-center">
 &lt;svg class="w-5 h-5 text-green-500 mr-3" fill="currentColor" viewBox="0 0 20 20">
 &lt;path fill-rule="evenodd" d="M16.707 5.293a1 1 0 010 1.414l-8 8a1 1 0 01-1.414 0l-4-4a1 1 0 011.414-1.414L8 12.586l7.293-7.293a1 1 0 011.414 0z" clip-rule="evenodd">&lt;/path>
 &lt;/svg>
 Basic AI Chatbot
 &lt;/li>
 &lt;li class="flex items-center">
 &lt;svg class="w-5 h-5 text-green-500 mr-3" fill="currentColor" viewBox="0 0 20 20">
 &lt;path fill-rule="evenodd" d="M16.707 5.293a1 1 0 010 1.414l-8 8a1 1 0 01-1.414 0l-4-4a1 1 0 011.414-1.414L8 12.586l7.293-7.293a1 1 0 011.414 0z" clip-rule="evenodd">&lt;/path>
 &lt;/svg>
 Up to 1,000 conversations/month
 &lt;/li>
 &lt;li class="flex items-center">
 &lt;svg class="w-5 h-5 text-green-500 mr-3" fill="currentColor" viewBox="0 0 20 20">
 &lt;path fill-rule="evenodd" d="M16.707 5.293a1 1 0 010 1.414l-8 8a1 1 0 01-1.414 0l-4-4a1 1 0 011.414-1.414L8 12.586l7.293-7.293a1 1 0 011.414 0z" clip-rule="evenodd">&lt;/path>
 &lt;/svg>
 Email Support
 &lt;/li>
 &lt;/ul>
 &lt;a href="https://www.deductive.nl/en/contact" class="block w-full text-center bg-blue-600 text-white font-semibold py-3 px-6 rounded-xl hover:bg-blue-700 transition-colors duration-200">
 Get Started
 &lt;/a>
 &lt;/div>

 &lt;!-- Professional Package -->
 &lt;div class="bg-gradient-to-br from-blue-600 to-purple-600 rounded-3xl p-8 shadow-lg hover:shadow-xl transition-all duration-300 transform hover:scale-105 relative">
 &lt;div class="absolute -top-4 left-1/2 transform -translate-x-1/2">
 &lt;span class="bg-orange-500 text-white px-4 py-2 rounded-full text-sm font-semibold">Most Popular&lt;/span>
 &lt;/div>
 &lt;div class="text-center mb-8">
 &lt;h3 class="text-2xl font-bold text-white mb-4">Professional&lt;/h3>
 &lt;div class="text-4xl font-bold text-white mb-2">€1,499&lt;/div>
 &lt;div class="text-blue-100">per month&lt;/div>
 &lt;/div>
 &lt;ul class="space-y-4 mb-8">
 &lt;li class="flex items-center">
 &lt;svg class="w-5 h-5 text-green-400 mr-3" fill="currentColor" viewBox="0 0 20 20">
 &lt;path fill-rule="evenodd" d="M16.707 5.293a1 1 0 010 1.414l-8 8a1 1 0 01-1.414 0l-4-4a1 1 0 011.414-1.414L8 12.586l7.293-7.293a1 1 0 011.414 0z" clip-rule="evenodd">&lt;/path>
 &lt;/svg>
 &lt;span class="text-white">Advanced AI Agent&lt;/span>
 &lt;/li>
 &lt;li class="flex items-center">
 &lt;svg class="w-5 h-5 text-green-400 mr-3" fill="currentColor" viewBox="0 0 20 20">
 &lt;path fill-rule="evenodd" d="M16.707 5.293a1 1 0 010 1.414l-8 8a1 1 0 01-1.414 0l-4-4a1 1 0 011.414-1.414L8 12.586l7.293-7.293a1 1 0 011.414 0z" clip-rule="evenodd">&lt;/path>
 &lt;/svg>
 &lt;span class="text-white">Up to 10,000 conversations/month&lt;/span>
 &lt;/li>
 &lt;li class="flex items-center">
 &lt;svg class="w-5 h-5 text-green-400 mr-3" fill="currentColor" viewBox="0 0 20 20">
 &lt;path fill-rule="evenodd" d="M16.707 5.293a1 1 0 010 1.414l-8 8a1 1 0 01-1.414 0l-4-4a1 1 0 011.414-1.414L8 12.586l7.293-7.293a1 1 0 011.414 0z" clip-rule="evenodd">&lt;/path>
 &lt;/svg>
 &lt;span class="text-white">Priority Support&lt;/span>
 &lt;/li>
 &lt;li class="flex items-center">
 &lt;svg class="w-5 h-5 text-green-400 mr-3" fill="currentColor" viewBox="0 0 20 20">
 &lt;path fill-rule="evenodd" d="M16.707 5.293a1 1 0 010 1.414l-8 8a1 1 0 01-1.414 0l-4-4a1 1 0 011.414-1.414L8 12.586l7.293-7.293a1 1 0 011.414 0z" clip-rule="evenodd">&lt;/path>
 &lt;/svg>
 &lt;span class="text-white">Custom Integrations&lt;/span>
 &lt;/li>
 &lt;/ul>
 &lt;a href="https://www.deductive.nl/en/contact" class="block w-full text-center bg-white text-blue-600 font-semibold py-3 px-6 rounded-xl hover:bg-gray-50 transition-colors duration-200">
 Get Started
 &lt;/a>
 &lt;/div>

 &lt;!-- Enterprise Package -->
 &lt;div class="bg-white rounded-3xl p-8 shadow-lg hover:shadow-xl transition-all duration-300 border border-gray-100">
 &lt;div class="text-center mb-8">
 &lt;h3 class="text-2xl font-bold text-gray-900 mb-4">Enterprise&lt;/h3>
 &lt;div class="text-4xl font-bold text-purple-600 mb-2">Custom&lt;/div>
 &lt;div class="text-gray-600">pricing&lt;/div>
 &lt;/div>
 &lt;ul class="space-y-4 mb-8">
 &lt;li class="flex items-center">
 &lt;svg class="w-5 h-5 text-green-500 mr-3" fill="currentColor" viewBox="0 0 20 20">
 &lt;path fill-rule="evenodd" d="M16.707 5.293a1 1 0 010 1.414l-8 8a1 1 0 01-1.414 0l-4-4a1 1 0 011.414-1.414L8 12.586l7.293-7.293a1 1 0 011.414 0z" clip-rule="evenodd">&lt;/path>
 &lt;/svg>
 Complete AI Solution
 &lt;/li>
 &lt;li class="flex items-center">
 &lt;svg class="w-5 h-5 text-green-500 mr-3" fill="currentColor" viewBox="0 0 20 20">
 &lt;path fill-rule="evenodd" d="M16.707 5.293a1 1 0 010 1.414l-8 8a1 1 0 01-1.414 0l-4-4a1 1 0 011.414-1.414L8 12.586l7.293-7.293a1 1 0 011.414 0z" clip-rule="evenodd">&lt;/path>
 &lt;/svg>
 Unlimited conversations
 &lt;/li>
 &lt;li class="flex items-center">
 &lt;svg class="w-5 h-5 text-green-500 mr-3" fill="currentColor" viewBox="0 0 20 20">
 &lt;path fill-rule="evenodd" d="M16.707 5.293a1 1 0 010 1.414l-8 8a1 1 0 01-1.414 0l-4-4a1 1 0 011.414-1.414L8 12.586l7.293-7.293a1 1 0 011.414 0z" clip-rule="evenodd">&lt;/path>
 &lt;/svg>
 Dedicated Support
 &lt;/li>
 &lt;li class="flex items-center">
 &lt;svg class="w-5 h-5 text-green-500 mr-3" fill="currentColor" viewBox="0 0 20 20">
 &lt;path fill-rule="evenodd" d="M16.707 5.293a1 1 0 010 1.414l-8 8a1 1 0 01-1.414 0l-4-4a1 1 0 011.414-1.414L8 12.586l7.293-7.293a1 1 0 011.414 0z" clip-rule="evenodd">&lt;/path>
 &lt;/svg>
 Custom Development
 &lt;/li>
 &lt;/ul>
 &lt;a href="https://www.deductive.nl/en/contact" class="block w-full text-center bg-purple-600 text-white font-semibold py-3 px-6 rounded-xl hover:bg-purple-700 transition-colors duration-200">
 Contact Us
 &lt;/a>
 &lt;/div>
 &lt;/div>
 &lt;/div>

&lt;/div>
&lt;/section></description></item><item><title>Prijzen</title><link>https://www.deductive.nl/pricing/</link><pubDate>Mon, 01 Jan 0001 00:00:00 +0000</pubDate><guid>https://www.deductive.nl/pricing/</guid><description>&lt;!-- Interactive Pricing Hero -->
&lt;section class="relative py-20 bg-gradient-to-br from-gray-50 via-blue-50 to-purple-50 overflow-hidden">
&lt;div class="absolute inset-0 bg-circuit-pattern opacity-5">&lt;/div>
&lt;div class="container mx-auto px-4 sm:px-6 lg:px-8 max-w-7xl relative">
&lt;div class="text-center mb-16">
&lt;h1 class="text-5xl md:text-6xl font-bold text-gray-900 mb-6">
Transparante &lt;span class="text-transparent bg-clip-text bg-gradient-to-r from-purple-600 to-blue-600">prijzen&lt;/span>
&lt;/h1>
&lt;p class="text-xl text-gray-600 max-w-4xl mx-auto mb-8">
Kies de perfecte AI-oplossing voor uw bedrijf. Alle plannen bevatten 30 dagen gratis ondersteuning en geen verborgen kosten. Geen surprises, geen tijdverspilling - gewoon kwaliteit waar u op kunt rekenen.
&lt;/p>
&lt;!-- Kwaliteit Boodschap -->
&lt;div class="bg-white rounded-2xl p-6 max-w-4xl mx-auto shadow-lg mb-8">
&lt;p class="text-lg text-gray-700 italic leading-relaxed">
"Wij geloven in eerlijke prijzen voor kwaliteitsoplossingen. Geen goedkope trucjes of verborgen kosten - gewoon transparante prijzen voor AI-technologie die daadwerkelijk werkt."
&lt;/p></description></item><item><title>Roadmap Design Demo</title><link>https://www.deductive.nl/process-demos/roadmap/</link><pubDate>Mon, 01 Jan 0001 00:00:00 +0000</pubDate><guid>https://www.deductive.nl/process-demos/roadmap/</guid><description>&lt;section class="py-20 bg-gradient-to-br from-blue-50 to-purple-50">
 &lt;div class="container mx-auto px-4 sm:px-6 lg:px-8 max-w-7xl">
 &lt;div class="text-center mb-16">
 &lt;h2 class="text-4xl font-bold mb-4">AI-Implementatie Roadmap&lt;/h2>
 &lt;p class="text-xl text-gray-600">Een stap-voor-stap journey naar AI-succes&lt;/p>
 &lt;/div>
 
 
 &lt;div class="relative overflow-x-auto">
 &lt;div class="min-w-max">
 
 &lt;div class="relative h-8 bg-gradient-to-r from-primary-600 via-secondary-600 to-green-600 rounded-full mb-8 shadow-lg">
 &lt;div class="absolute inset-0 bg-gradient-to-r from-primary-600 via-secondary-600 to-green-600 rounded-full animate-pulse opacity-30">&lt;/div>
 &lt;/div>
 
 
 &lt;div class="flex justify-between items-start relative -mt-16">
 
 &lt;div class="flex flex-col items-center w-64 group">
 &lt;div class="relative">
 &lt;div class="w-16 h-16 bg-primary-600 rounded-full flex items-center justify-center shadow-xl transform group-hover:scale-110 transition-transform duration-300 border-4 border-white">
 &lt;svg class="w-8 h-8 text-white" fill="none" stroke="currentColor" viewBox="0 0 24 24">
 &lt;path stroke-linecap="round" stroke-linejoin="round" stroke-width="2" d="M9 12l2 2 4-4m6 2a9 9 0 11-18 0 9 9 0 0118 0z"/>
 &lt;/svg>
 &lt;/div>
 &lt;div class="absolute -top-2 -right-2 w-6 h-6 bg-yellow-400 rounded-full flex items-center justify-center text-xs font-bold text-gray-900">1&lt;/div>
 &lt;/div>
 &lt;div class="mt-6 text-center">
 &lt;h3 class="text-xl font-bold text-gray-900 mb-2">Discovery &amp; Analyse&lt;/h3>
 &lt;p class="text-gray-600 text-sm mb-4">Diepgaande analyse van uw huidige processen en AI-potentieel&lt;/p></description></item><item><title>Vacatures</title><link>https://www.deductive.nl/vacatures/</link><pubDate>Mon, 01 Jan 0001 00:00:00 +0000</pubDate><guid>https://www.deductive.nl/vacatures/</guid><description>&lt;h1 id="momenteel-geen-openstaande-vacatures">Momenteel geen openstaande vacatures&lt;/h1>
&lt;p>&lt;strong>Dank je voor je interesse in Deductive!&lt;/strong>&lt;/p>
&lt;p>We zijn momenteel niet actief op zoek naar nieuwe teamleden. Ons team is compleet voor de huidige projecten en we focussen ons op het leveren van de beste AI-oplossingen aan onze klanten.&lt;/p>
&lt;h2 id="blijf-op-de-hoogte">Blijf op de hoogte&lt;/h2>
&lt;p>Hoewel we nu geen openstaande posities hebben, groeit Deductive snel en dit kan in de toekomst veranderen.&lt;/p>
&lt;h3 id="interesse-in-de-toekomst">Interesse in de toekomst?&lt;/h3>
&lt;p>Als je gepassioneerd bent over AI-technologie en interesse hebt om in de toekomst mogelijk bij ons te werken, kun je:&lt;/p></description></item></channel></rss>