<?xml version="1.0" encoding="utf-8" standalone="yes"?><rss version="2.0" xmlns:atom="http://www.w3.org/2005/Atom"><channel><title>Blogs on Deductive</title><link>https://www.deductive.nl/blog/</link><description>Recent content in Blogs on Deductive</description><generator>Hugo</generator><language>nl-NL</language><lastBuildDate>Sat, 11 Jan 2025 00:00:00 +0000</lastBuildDate><atom:link href="https://www.deductive.nl/blog/index.xml" rel="self" type="application/rss+xml"/><item><title>Waarom Deductive Discord Gebruikt als Klantencommunicatie Hub</title><link>https://www.deductive.nl/blog/waarom-discord-voor-klantenservice/</link><pubDate>Sat, 11 Jan 2025 00:00:00 +0000</pubDate><guid>https://www.deductive.nl/blog/waarom-discord-voor-klantenservice/</guid><description>&lt;h1 id="waarom-discord-de-moderne-klantencommunicatie-van-deductive">Waarom Discord? De Moderne Klantencommunicatie van Deductive&lt;/h1>
&lt;p>In de wereld van AI-oplossingen beweegt alles snel. Onze klanten hebben vragen, willen snel antwoorden, en zoeken een gemeenschap waar ze kunnen leren van elkaar. Daarom hebben wij bij Deductive gekozen voor Discord als onze centrale klantencommunicatie hub. Hier leggen we uit waarom deze keuze zo logisch is.&lt;/p>
&lt;h2 id="de-uitdaging-van-traditionele-klantenservice">De Uitdaging van Traditionele Klantenservice&lt;/h2>
&lt;p>Traditionele klantenservice werkt via email, telefoon, of ticketsystemen. Deze methoden hebben echter significante beperkingen:&lt;/p></description></item><item><title>De Nederlandse AI-Revolutie: Hoe Drie Bedrijven de Toekomst Vormgeven</title><link>https://www.deductive.nl/blog/toekomst-van-ai-in-nederlandse-bedrijven/</link><pubDate>Mon, 05 Feb 2024 00:00:00 +0000</pubDate><guid>https://www.deductive.nl/blog/toekomst-van-ai-in-nederlandse-bedrijven/</guid><description>&lt;h2 id="amsterdam-december-2024-een-land-in-transformatie">Amsterdam, December 2024: Een Land in Transformatie&lt;/h2>
&lt;p>In een glazen boardroom op de 32e verdieping van de Zuidas bekijkt Emma de Vries, Chief Innovation Officer van ABN AMRO, de nieuwste AI-rapporten. Beneden haar strekt Amsterdam zich uit - van de historische grachten tot de hypermoderne kantoren. Maar wat ze ziet, is meer dan een stad. Het is de toekomst van Nederland.&lt;/p>
&lt;p>&amp;ldquo;Kijk eens naar deze cijfers,&amp;rdquo; zegt ze tegen haar team. &amp;ldquo;Nederlandse bedrijven implementeren AI 40% sneller dan het Europees gemiddelde. We zijn niet meer de volgers - we zijn de pioniers geworden.&amp;rdquo;&lt;/p></description></item><item><title>Van Sceptisch CEO tot AI-Champion: Hoe TechnoVast hun Transformatie Doormaakte</title><link>https://www.deductive.nl/blog/ai-implementatie-stap-voor-stap/</link><pubDate>Thu, 01 Feb 2024 00:00:00 +0000</pubDate><guid>https://www.deductive.nl/blog/ai-implementatie-stap-voor-stap/</guid><description>&lt;h2 id="ai-is-gewoon-een-hype---wij-zijn-architecten-geen-techneuten">&amp;ldquo;AI is gewoon een hype - wij zijn architecten, geen techneuten&amp;rdquo;&lt;/h2>
&lt;p>Dat waren de woorden van Marcus van der Berg, CEO van TechnoVast, toen wij hem in maart 2023 voor het eerst ontmoetten. Zijn architectenbureau in Utrecht had 45 medewerkers en draaide goed - waarom zouden ze iets veranderen?&lt;/p>
&lt;p>Zes maanden later belde Marcus ons op een vrijdagmiddag: &amp;ldquo;Jullie hadden gelijk. Mijn grootste concurrent heeft net een groot project van ons afgepakt omdat zij in 2 dagen een offerte konden maken waar wij 2 weken voor nodig hadden. We moeten praten.&amp;rdquo;&lt;/p></description></item><item><title>Hoe een intelligente offertetool uw verkoopefficiëntie verhoogt</title><link>https://www.deductive.nl/blog/offertetool-verhoogt-verkoopeffici%C3%ABntie/</link><pubDate>Thu, 25 Jan 2024 00:00:00 +0000</pubDate><guid>https://www.deductive.nl/blog/offertetool-verhoogt-verkoopeffici%C3%ABntie/</guid><description>&lt;div class="bg-gray-50 p-6 rounded-lg mb-8">
 &lt;h2 class="text-xl font-semibold mb-4">Table of Contents&lt;/h2>
 &lt;nav id="TableOfContents">
 &lt;ul>
 &lt;li>&lt;a href="#de-uitdaging-van-moderne-offertes">De uitdaging van moderne offertes&lt;/a>&lt;/li>
 &lt;li>&lt;a href="#wat-is-een-intelligente-offertetool">Wat is een Intelligente Offertetool?&lt;/a>
 &lt;ul>
 &lt;li>&lt;a href="#analyseert-automatisch">Analyseert Automatisch&lt;/a>&lt;/li>
 &lt;li>&lt;a href="#berekent-intelligent">Berekent Intelligent&lt;/a>&lt;/li>
 &lt;li>&lt;a href="#personaliseert-effectief">Personaliseert Effectief&lt;/a>&lt;/li>
 &lt;/ul>
 &lt;/li>
 &lt;li>&lt;a href="#voordelen-voor-uw-bedrijf">Voordelen voor Uw Bedrijf&lt;/a>
 &lt;ul>
 &lt;li>&lt;a href="#1-dramatisch-snellere-offertes">1. Dramatisch Snellere Offertes&lt;/a>&lt;/li>
 &lt;li>&lt;a href="#2-hogere-conversiepercentages">2. Hogere Conversiepercentages&lt;/a>&lt;/li>
 &lt;li>&lt;a href="#3-verbeterde-winstmarges">3. Verbeterde Winstmarges&lt;/a>&lt;/li>
 &lt;li>&lt;a href="#4-consistente-kwaliteit">4. Consistente Kwaliteit&lt;/a>&lt;/li>
 &lt;/ul>
 &lt;/li>
 &lt;li>&lt;a href="#implementatie-proces">Implementatie Proces&lt;/a>
 &lt;ul>
 &lt;li>&lt;a href="#fase-1-analyse--setup">Fase 1: Analyse &amp;amp; Setup&lt;/a>&lt;/li>
 &lt;li>&lt;a href="#fase-2-configuratie">Fase 2: Configuratie&lt;/a>&lt;/li>
 &lt;li>&lt;a href="#fase-3-testing--optimalisatie">Fase 3: Testing &amp;amp; Optimalisatie&lt;/a>&lt;/li>
 &lt;/ul>
 &lt;/li>
 &lt;li>&lt;a href="#technische-innovaties">Technische Innovaties&lt;/a>
 &lt;ul>
 &lt;li>&lt;a href="#ai-algoritmen">AI-Algoritmen&lt;/a>&lt;/li>
 &lt;li>&lt;a href="#integraties">Integraties&lt;/a>&lt;/li>
 &lt;/ul>
 &lt;/li>
 &lt;li>&lt;a href="#roi-en-resultaten">ROI en Resultaten&lt;/a>
 &lt;ul>
 &lt;li>&lt;a href="#gemiddelde-resultaten">Gemiddelde Resultaten&lt;/a>&lt;/li>
 &lt;li>&lt;a href="#case-study-techsolutions-bv">Case Study: TechSolutions BV&lt;/a>&lt;/li>
 &lt;/ul>
 &lt;/li>
 &lt;li>&lt;a href="#toekomst-van-offerte-automatisering">Toekomst van Offerte-Automatisering&lt;/a>
 &lt;ul>
 &lt;li>&lt;a href="#nieuwe-ontwikkelingen">Nieuwe Ontwikkelingen&lt;/a>&lt;/li>
 &lt;li>&lt;a href="#verwachtingen-2024-2025">Verwachtingen 2024-2025&lt;/a>&lt;/li>
 &lt;/ul>
 &lt;/li>
 &lt;li>&lt;a href="#conclusie">Conclusie&lt;/a>&lt;/li>
 &lt;li>&lt;a href="#bronnen-en-referenties">Bronnen en Referenties&lt;/a>&lt;/li>
 &lt;li>&lt;a href="#volgende-stappen">Volgende Stappen&lt;/a>&lt;/li>
 &lt;/ul>
&lt;/nav>
&lt;/div>

&lt;h2 id="de-uitdaging-van-moderne-offertes">De uitdaging van moderne offertes&lt;/h2>
&lt;p>Het maken van offertes is een kritiek onderdeel van elk verkoopproces, maar vaak tijdrovend en foutgevoelig. Veel bedrijven worstelen met:&lt;/p></description></item><item><title>Hoe AI-Chatbots de Klantenservice Transformeren in 2024</title><link>https://www.deductive.nl/blog/ai-chatbots-transformeren-klantenservice/</link><pubDate>Sat, 20 Jan 2024 00:00:00 +0000</pubDate><guid>https://www.deductive.nl/blog/ai-chatbots-transformeren-klantenservice/</guid><description>&lt;div class="bg-gray-50 p-6 rounded-lg mb-8">
 &lt;h2 class="text-xl font-semibold mb-4">Table of Contents&lt;/h2>
 &lt;nav id="TableOfContents">
 &lt;ul>
 &lt;li>&lt;a href="#de-evolutie-van-klantenservice">De Evolutie van Klantenservice&lt;/a>&lt;/li>
 &lt;li>&lt;a href="#waarom-ai-chatbots-essentieel-zijn">Waarom AI-Chatbots Essentieel Zijn&lt;/a>
 &lt;ul>
 &lt;li>&lt;a href="#247-beschikbaarheid">24/7 Beschikbaarheid&lt;/a>&lt;/li>
 &lt;li>&lt;a href="#gepersonaliseerde-ervaringen">Gepersonaliseerde Ervaringen&lt;/a>&lt;/li>
 &lt;/ul>
 &lt;/li>
 &lt;li>&lt;a href="#praktische-voordelen-voor-bedrijven">Praktische Voordelen voor Bedrijven&lt;/a>
 &lt;ul>
 &lt;li>&lt;a href="#kostenreductie">Kostenreductie&lt;/a>&lt;/li>
 &lt;li>&lt;a href="#verbeterde-efficiëntie">Verbeterde Efficiëntie&lt;/a>&lt;/li>
 &lt;li>&lt;a href="#waardevolle-inzichten">Waardevolle Inzichten&lt;/a>&lt;/li>
 &lt;/ul>
 &lt;/li>
 &lt;li>&lt;a href="#implementatie-strategie">Implementatie Strategie&lt;/a>
 &lt;ul>
 &lt;li>&lt;a href="#fase-1-analyse">Fase 1: Analyse&lt;/a>&lt;/li>
 &lt;li>&lt;a href="#fase-2-ontwikkeling">Fase 2: Ontwikkeling&lt;/a>&lt;/li>
 &lt;li>&lt;a href="#fase-3-uitrol">Fase 3: Uitrol&lt;/a>&lt;/li>
 &lt;/ul>
 &lt;/li>
 &lt;li>&lt;a href="#succesfactoren">Succesfactoren&lt;/a>
 &lt;ul>
 &lt;li>&lt;a href="#juiste-technologie">Juiste Technologie&lt;/a>&lt;/li>
 &lt;li>&lt;a href="#menselijke-touch">Menselijke Touch&lt;/a>&lt;/li>
 &lt;/ul>
 &lt;/li>
 &lt;li>&lt;a href="#toekomst-van-ai-chatbots">Toekomst van AI-Chatbots&lt;/a>&lt;/li>
 &lt;li>&lt;a href="#conclusie">Conclusie&lt;/a>&lt;/li>
 &lt;li>&lt;a href="#bronnen-en-referenties">Bronnen en Referenties&lt;/a>&lt;/li>
 &lt;/ul>
&lt;/nav>
&lt;/div>

&lt;h2 id="de-evolutie-van-klantenservice">De Evolutie van Klantenservice&lt;/h2>
&lt;p>Klantenservice heeft een dramatische transformatie ondergaan. Van traditionele callcenters naar moderne AI-chatbots - de manier waarop bedrijven met klanten communiceren is fundamenteel veranderd.&lt;/p></description></item><item><title>AI-agents vs traditionele automatisering: Wat is het verschil?</title><link>https://www.deductive.nl/blog/getting-started-with-hugo/</link><pubDate>Mon, 15 Jan 2024 00:00:00 +0000</pubDate><guid>https://www.deductive.nl/blog/getting-started-with-hugo/</guid><description>&lt;div class="bg-gray-50 p-6 rounded-lg mb-8">
 &lt;h2 class="text-xl font-semibold mb-4">Table of Contents&lt;/h2>
 &lt;nav id="TableOfContents">
 &lt;ul>
 &lt;li>&lt;a href="#inleiding">Inleiding&lt;/a>&lt;/li>
 &lt;li>&lt;a href="#wat-zijn-ai-agents">Wat zijn AI-Agents?&lt;/a>&lt;/li>
 &lt;li>&lt;a href="#traditionele-automatisering-vs-ai-agents">Traditionele Automatisering vs AI-Agents&lt;/a>
 &lt;ul>
 &lt;li>&lt;a href="#traditionele-automatisering">Traditionele Automatisering&lt;/a>&lt;/li>
 &lt;li>&lt;a href="#ai-agents">AI-Agents&lt;/a>&lt;/li>
 &lt;/ul>
 &lt;/li>
 &lt;li>&lt;a href="#praktische-toepassingen">Praktische Toepassingen&lt;/a>
 &lt;ul>
 &lt;li>&lt;a href="#in-de-klantenservice">In de Klantenservice&lt;/a>&lt;/li>
 &lt;li>&lt;a href="#in-procesautomatisering">In Procesautomatisering&lt;/a>&lt;/li>
 &lt;li>&lt;a href="#in-data-analyse">In Data-Analyse&lt;/a>&lt;/li>
 &lt;/ul>
 &lt;/li>
 &lt;li>&lt;a href="#voordelen-van-ai-agents">Voordelen van AI-Agents&lt;/a>
 &lt;ul>
 &lt;li>&lt;a href="#voor-bedrijven">Voor Bedrijven&lt;/a>&lt;/li>
 &lt;li>&lt;a href="#voor-werknemers">Voor Werknemers&lt;/a>&lt;/li>
 &lt;/ul>
 &lt;/li>
 &lt;li>&lt;a href="#implementatie-strategie">Implementatie Strategie&lt;/a>
 &lt;ul>
 &lt;li>&lt;a href="#stap-1-analyse">Stap 1: Analyse&lt;/a>&lt;/li>
 &lt;li>&lt;a href="#stap-2-pilot-project">Stap 2: Pilot Project&lt;/a>&lt;/li>
 &lt;li>&lt;a href="#stap-3-uitbreiding">Stap 3: Uitbreiding&lt;/a>&lt;/li>
 &lt;/ul>
 &lt;/li>
 &lt;li>&lt;a href="#veelgestelde-vragen">Veelgestelde Vragen&lt;/a>
 &lt;ul>
 &lt;li>&lt;a href="#vervangen-ai-agents-werknemers">Vervangen AI-Agents Werknemers?&lt;/a>&lt;/li>
 &lt;li>&lt;a href="#zijn-ai-agents-veilig">Zijn AI-Agents Veilig?&lt;/a>&lt;/li>
 &lt;li>&lt;a href="#wat-zijn-de-kosten">Wat zijn de Kosten?&lt;/a>&lt;/li>
 &lt;/ul>
 &lt;/li>
 &lt;li>&lt;a href="#conclusie">Conclusie&lt;/a>&lt;/li>
 &lt;li>&lt;a href="#bronnen-en-referenties">Bronnen en Referenties&lt;/a>&lt;/li>
 &lt;/ul>
&lt;/nav>
&lt;/div>

&lt;h2 id="inleiding">Inleiding&lt;/h2>
&lt;p>De wereld van bedrijfsautomatisering staat op het punt van een revolutie. Waar traditionele automatisering decennialang de standaard was, introduceren AI-agents een volledig nieuwe manier van procesoptimalisatie.&lt;/p></description></item></channel></rss>