<?xml version="1.0" encoding="utf-8" standalone="yes"?>
<rss version="2.0" xmlns:atom="http://www.w3.org/2005/Atom">
  <channel>
    <title>Process-Demos on Deductive</title>
    <link>https://www.deductive.nl/process-demos/</link>
    <description>Recent content in Process-Demos on Deductive</description>
    <generator>Hugo</generator>
    <language>nl-NL</language>
    <atom:link href="https://www.deductive.nl/process-demos/index.xml" rel="self" type="application/rss+xml" />
    <item>
      <title>Accordion Design Demo</title>
      <link>https://www.deductive.nl/process-demos/accordion/</link>
      <pubDate>Mon, 01 Jan 0001 00:00:00 +0000</pubDate>
      <guid>https://www.deductive.nl/process-demos/accordion/</guid>
      <description>&lt;section class=&#34;py-20 bg-white&#34;&gt;&#xA;    &lt;div class=&#34;container mx-auto px-4 sm:px-6 lg:px-8 max-w-4xl&#34;&gt;&#xA;        &lt;div class=&#34;text-center mb-16&#34;&gt;&#xA;            &lt;h2 class=&#34;text-4xl font-bold mb-4&#34;&gt;Interactieve AI-Implementatie Guide&lt;/h2&gt;&#xA;            &lt;p class=&#34;text-xl text-gray-600&#34;&gt;Klik op elke fase om meer te ontdekken&lt;/p&gt;&#xA;        &lt;/div&gt;&#xA;        &#xA;        &lt;div class=&#34;space-y-4&#34;&gt;&#xA;            &#xA;            &lt;div class=&#34;accordion-item border-2 border-gray-200 rounded-xl overflow-hidden transition-all duration-300 hover:border-primary-300&#34;&gt;&#xA;                &lt;div class=&#34;accordion-header bg-gradient-to-r from-primary-50 to-primary-100 p-6 cursor-pointer select-none&#34; onclick=&#34;toggleAccordion(1)&#34;&gt;&#xA;                    &lt;div class=&#34;flex items-center justify-between&#34;&gt;&#xA;                        &lt;div class=&#34;flex items-center&#34;&gt;&#xA;                            &lt;div class=&#34;w-12 h-12 bg-primary-600 rounded-full flex items-center justify-center text-white font-bold mr-4&#34;&gt;&#xA;                                1&#xA;                            &lt;/div&gt;&#xA;                            &lt;div&gt;&#xA;                                &lt;h3 class=&#34;text-xl font-bold text-gray-900&#34;&gt;Discovery &amp; Analyse Fase&lt;/h3&gt;&#xA;                                &lt;p class=&#34;text-gray-600&#34;&gt;Strategie ontwikkeling en requirement gathering&lt;/p&gt;&#xA;                            &lt;/div&gt;&#xA;                        &lt;/div&gt;&#xA;                        &lt;div class=&#34;flex items-center&#34;&gt;&#xA;                            &lt;span class=&#34;text-sm text-primary-600 font-semibold mr-4&#34;&gt;1-2 weken&lt;/span&gt;&#xA;                            &lt;svg class=&#34;w-6 h-6 text-primary-600 transform transition-transform duration-300&#34; id=&#34;arrow-1&#34; fill=&#34;none&#34; stroke=&#34;currentColor&#34; viewBox=&#34;0 0 24 24&#34;&gt;&#xA;                                &lt;path stroke-linecap=&#34;round&#34; stroke-linejoin=&#34;round&#34; stroke-width=&#34;2&#34; d=&#34;M19 9l-7 7-7-7&#34;/&gt;&#xA;                            &lt;/svg&gt;&#xA;                        &lt;/div&gt;&#xA;                    &lt;/div&gt;&#xA;                &lt;/div&gt;&#xA;                &lt;div class=&#34;accordion-content max-h-0 overflow-hidden transition-all duration-300&#34; id=&#34;content-1&#34;&gt;&#xA;                    &lt;div class=&#34;p-6 border-t border-gray-200&#34;&gt;&#xA;                        &lt;div class=&#34;grid grid-cols-1 md:grid-cols-2 gap-6&#34;&gt;&#xA;                            &lt;div&gt;&#xA;                                &lt;h4 class=&#34;font-semibold text-lg mb-3 text-gray-900&#34;&gt;Wat we doen:&lt;/h4&gt;&#xA;                                &lt;ul class=&#34;space-y-2&#34;&gt;&#xA;                                    &lt;li class=&#34;flex items-start&#34;&gt;&#xA;                                        &lt;div class=&#34;w-2 h-2 bg-primary-600 rounded-full mt-2 mr-3&#34;&gt;&lt;/div&gt;&#xA;                                        &lt;span class=&#34;text-gray-700&#34;&gt;Stakeholder interviews en workshops&lt;/span&gt;&#xA;                                    &lt;/li&gt;&#xA;                                    &lt;li class=&#34;flex items-start&#34;&gt;&#xA;                                        &lt;div class=&#34;w-2 h-2 bg-primary-600 rounded-full mt-2 mr-3&#34;&gt;&lt;/div&gt;&#xA;                                        &lt;span class=&#34;text-gray-700&#34;&gt;Huidige proces mapping en analyse&lt;/span&gt;&#xA;                                    &lt;/li&gt;&#xA;                                    &lt;li class=&#34;flex items-start&#34;&gt;&#xA;                                        &lt;div class=&#34;w-2 h-2 bg-primary-600 rounded-full mt-2 mr-3&#34;&gt;&lt;/div&gt;&#xA;                                        &lt;span class=&#34;text-gray-700&#34;&gt;Technical feasibility assessment&lt;/span&gt;&#xA;                                    &lt;/li&gt;&#xA;                                    &lt;li class=&#34;flex items-start&#34;&gt;&#xA;                                        &lt;div class=&#34;w-2 h-2 bg-primary-600 rounded-full mt-2 mr-3&#34;&gt;&lt;/div&gt;&#xA;                                        &lt;span class=&#34;text-gray-700&#34;&gt;ROI projecties en business case&lt;/span&gt;&#xA;                                    &lt;/li&gt;&#xA;                                &lt;/ul&gt;&#xA;                            &lt;/div&gt;&#xA;                            &lt;div&gt;&#xA;                                &lt;h4 class=&#34;font-semibold text-lg mb-3 text-gray-900&#34;&gt;Deliverables:&lt;/h4&gt;&#xA;                                &lt;div class=&#34;space-y-3&#34;&gt;&#xA;                                    &lt;div class=&#34;bg-gray-50 p-3 rounded-lg&#34;&gt;&#xA;                                        &lt;div class=&#34;font-medium text-gray-900&#34;&gt;AI Strategy Document&lt;/div&gt;&#xA;                                        &lt;div class=&#34;text-sm text-gray-600&#34;&gt;Volledige strategie en implementatie roadmap&lt;/div&gt;&#xA;                                    &lt;/div&gt;&#xA;                                    &lt;div class=&#34;bg-gray-50 p-3 rounded-lg&#34;&gt;&#xA;                                        &lt;div class=&#34;font-medium text-gray-900&#34;&gt;Technical Architecture&lt;/div&gt;&#xA;                                        &lt;div class=&#34;text-sm text-gray-600&#34;&gt;Systeem architectuur en technische specificaties&lt;/div&gt;&#xA;                                    &lt;/div&gt;&#xA;                                    &lt;div class=&#34;bg-gray-50 p-3 rounded-lg&#34;&gt;&#xA;                                        &lt;div class=&#34;font-medium text-gray-900&#34;&gt;Project Timeline&lt;/div&gt;&#xA;                                        &lt;div class=&#34;text-sm text-gray-600&#34;&gt;Gedetailleerde planning en milestones&lt;/div&gt;&#xA;                                    &lt;/div&gt;&#xA;                                &lt;/div&gt;&#xA;                            &lt;/div&gt;&#xA;                        &lt;/div&gt;&#xA;                    &lt;/div&gt;&#xA;                &lt;/div&gt;&#xA;            &lt;/div&gt;&#xA;            &#xA;            &#xA;            &lt;div class=&#34;accordion-item border-2 border-gray-200 rounded-xl overflow-hidden transition-all duration-300 hover:border-secondary-300&#34;&gt;&#xA;                &lt;div class=&#34;accordion-header bg-gradient-to-r from-secondary-50 to-secondary-100 p-6 cursor-pointer select-none&#34; onclick=&#34;toggleAccordion(2)&#34;&gt;&#xA;                    &lt;div class=&#34;flex items-center justify-between&#34;&gt;&#xA;                        &lt;div class=&#34;flex items-center&#34;&gt;&#xA;                            &lt;div class=&#34;w-12 h-12 bg-secondary-600 rounded-full flex items-center justify-center text-white font-bold mr-4&#34;&gt;&#xA;                                2&#xA;                            &lt;/div&gt;&#xA;                            &lt;div&gt;&#xA;                                &lt;h3 class=&#34;text-xl font-bold text-gray-900&#34;&gt;Proof of Concept Fase&lt;/h3&gt;&#xA;                                &lt;p class=&#34;text-gray-600&#34;&gt;Rapid prototyping en validatie&lt;/p&gt;</description>
    </item>
    <item>
      <title>Animated Design Demo</title>
      <link>https://www.deductive.nl/process-demos/animated/</link>
      <pubDate>Mon, 01 Jan 0001 00:00:00 +0000</pubDate>
      <guid>https://www.deductive.nl/process-demos/animated/</guid>
      <description>&lt;section class=&#34;py-20 bg-gradient-to-br from-gray-50 to-blue-50&#34;&gt;&#xA;    &lt;div class=&#34;container mx-auto px-4 sm:px-6 lg:px-8 max-w-6xl&#34;&gt;&#xA;        &lt;div class=&#34;text-center mb-16&#34;&gt;&#xA;            &lt;h2 class=&#34;text-4xl font-bold mb-4&#34;&gt;AI-Implementatie Journey&lt;/h2&gt;&#xA;            &lt;p class=&#34;text-xl text-gray-600&#34;&gt;Stap voor stap naar AI-succes&lt;/p&gt;&#xA;        &lt;/div&gt;&#xA;        &#xA;        &lt;div class=&#34;grid grid-cols-1 md:grid-cols-2 lg:grid-cols-4 gap-8&#34;&gt;&#xA;            &#xA;            &lt;div class=&#34;process-step group&#34; data-step=&#34;1&#34;&gt;&#xA;                &lt;div class=&#34;relative bg-white rounded-2xl shadow-lg p-6 transform hover:scale-105 transition-all duration-500 hover:shadow-2xl&#34;&gt;&#xA;                    &#xA;                    &lt;div class=&#34;absolute -top-4 -right-4 w-12 h-12 bg-primary-600 rounded-full flex items-center justify-center text-white font-bold text-lg shadow-lg&#34;&gt;&#xA;                        01&#xA;                    &lt;/div&gt;&#xA;                    &#xA;                    &#xA;                    &lt;div class=&#34;w-16 h-16 bg-primary-100 rounded-full flex items-center justify-center mb-6 group-hover:bg-primary-200 transition-colors duration-300&#34;&gt;&#xA;                        &lt;svg class=&#34;w-8 h-8 text-primary-600&#34; fill=&#34;none&#34; stroke=&#34;currentColor&#34; viewBox=&#34;0 0 24 24&#34;&gt;&#xA;                            &lt;path stroke-linecap=&#34;round&#34; stroke-linejoin=&#34;round&#34; stroke-width=&#34;2&#34; d=&#34;M9.663 17h4.673M12 3v1m6.364 1.636l-.707.707M21 12h-1M4 12H3m3.343-5.657l-.707-.707m2.828 9.9a5 5 0 117.072 0l-.548.547A3.374 3.374 0 0014 18.469V19a2 2 0 11-4 0v-.531c0-.895-.356-1.754-.988-2.386l-.548-.547z&#34;/&gt;&#xA;                        &lt;/svg&gt;&#xA;                    &lt;/div&gt;&#xA;                    &#xA;                    &#xA;                    &lt;h3 class=&#34;text-xl font-bold mb-3&#34;&gt;Discovery &amp; Strategische Planning&lt;/h3&gt;&#xA;                    &lt;p class=&#34;text-gray-600 mb-4&#34;&gt;We duiken diep in uw bedrijfsprocessen en identificeren de meest impactvolle AI-mogelijkheden.&lt;/p&gt;</description>
    </item>
    <item>
      <title>Circular Design Demo</title>
      <link>https://www.deductive.nl/process-demos/circular/</link>
      <pubDate>Mon, 01 Jan 0001 00:00:00 +0000</pubDate>
      <guid>https://www.deductive.nl/process-demos/circular/</guid>
      <description>&lt;section class=&#34;py-20 bg-gray-900 text-white relative overflow-hidden&#34;&gt;&#xA;    &lt;div class=&#34;container mx-auto px-4 sm:px-6 lg:px-8 max-w-6xl&#34;&gt;&#xA;        &lt;div class=&#34;text-center mb-16&#34;&gt;&#xA;            &lt;h2 class=&#34;text-4xl font-bold mb-4&#34;&gt;AI-Transformatie Cyclus&lt;/h2&gt;&#xA;            &lt;p class=&#34;text-xl text-gray-300&#34;&gt;Een continue cyclus van innovatie en verbetering&lt;/p&gt;&#xA;        &lt;/div&gt;&#xA;        &#xA;        &#xA;        &lt;div class=&#34;absolute inset-0 overflow-hidden&#34;&gt;&#xA;            &lt;div class=&#34;absolute top-1/4 left-1/4 w-96 h-96 bg-primary-600 rounded-full opacity-10 animate-pulse&#34;&gt;&lt;/div&gt;&#xA;            &lt;div class=&#34;absolute bottom-1/4 right-1/4 w-64 h-64 bg-secondary-600 rounded-full opacity-10 animate-pulse&#34; style=&#34;animation-delay: 1s;&#34;&gt;&lt;/div&gt;&#xA;        &lt;/div&gt;&#xA;        &#xA;        &lt;div class=&#34;relative z-10 flex justify-center&#34;&gt;&#xA;            &lt;div class=&#34;relative w-96 h-96 mx-auto&#34;&gt;&#xA;                &#xA;                &lt;div class=&#34;absolute top-1/2 left-1/2 transform -translate-x-1/2 -translate-y-1/2 w-24 h-24 bg-gradient-to-br from-primary-600 to-secondary-600 rounded-full flex items-center justify-center shadow-2xl&#34;&gt;&#xA;                    &lt;svg class=&#34;w-12 h-12 text-white&#34; fill=&#34;none&#34; stroke=&#34;currentColor&#34; viewBox=&#34;0 0 24 24&#34;&gt;&#xA;                        &lt;path stroke-linecap=&#34;round&#34; stroke-linejoin=&#34;round&#34; stroke-width=&#34;2&#34; d=&#34;M13 10V3L4 14h7v7l9-11h-7z&#34;/&gt;&#xA;                    &lt;/svg&gt;&#xA;                &lt;/div&gt;&#xA;                &#xA;                &#xA;                &lt;div class=&#34;absolute inset-0 border-4 border-dashed border-gray-600 rounded-full animate-spin&#34; style=&#34;animation-duration: 30s;&#34;&gt;&lt;/div&gt;&#xA;                &#xA;                &#xA;                &lt;div class=&#34;absolute top-0 left-1/2 transform -translate-x-1/2 -translate-y-1/2 group&#34;&gt;&#xA;                    &lt;div class=&#34;w-16 h-16 bg-primary-600 rounded-full flex items-center justify-center shadow-xl hover:scale-110 transition-transform duration-300 cursor-pointer&#34;&gt;&#xA;                        &lt;span class=&#34;text-white font-bold text-lg&#34;&gt;1&lt;/span&gt;&#xA;                    &lt;/div&gt;&#xA;                    &lt;div class=&#34;absolute top-full mt-4 left-1/2 transform -translate-x-1/2 w-64 opacity-0 group-hover:opacity-100 transition-opacity duration-300&#34;&gt;&#xA;                        &lt;div class=&#34;bg-white text-gray-900 p-4 rounded-lg shadow-xl&#34;&gt;&#xA;                            &lt;h3 class=&#34;font-bold text-lg mb-2&#34;&gt;Strategische Analyse&lt;/h3&gt;&#xA;                            &lt;p class=&#34;text-sm mb-3&#34;&gt;Diepgaande analyse van uw business processes en AI-mogelijkheden&lt;/p&gt;</description>
    </item>
    <item>
      <title>Dashboard Design Demo</title>
      <link>https://www.deductive.nl/process-demos/dashboard/</link>
      <pubDate>Mon, 01 Jan 0001 00:00:00 +0000</pubDate>
      <guid>https://www.deductive.nl/process-demos/dashboard/</guid>
      <description>&lt;section class=&#34;py-20 bg-gradient-to-br from-gray-100 to-gray-200&#34;&gt;&#xA;    &lt;div class=&#34;container mx-auto px-4 sm:px-6 lg:px-8 max-w-7xl&#34;&gt;&#xA;        &lt;div class=&#34;text-center mb-16&#34;&gt;&#xA;            &lt;h2 class=&#34;text-4xl font-bold mb-4&#34;&gt;AI-Implementatie Dashboard&lt;/h2&gt;&#xA;            &lt;p class=&#34;text-xl text-gray-600&#34;&gt;Real-time inzicht in uw AI-transformatie proces&lt;/p&gt;&#xA;        &lt;/div&gt;&#xA;        &#xA;        &#xA;        &lt;div class=&#34;bg-white rounded-2xl shadow-2xl p-8&#34;&gt;&#xA;            &#xA;            &lt;div class=&#34;grid grid-cols-1 md:grid-cols-4 gap-6 mb-8&#34;&gt;&#xA;                &lt;div class=&#34;bg-gradient-to-r from-primary-500 to-primary-600 rounded-xl p-6 text-white&#34;&gt;&#xA;                    &lt;div class=&#34;flex items-center justify-between&#34;&gt;&#xA;                        &lt;div&gt;&#xA;                            &lt;p class=&#34;text-primary-100 text-sm font-medium&#34;&gt;GEMIDDELDE PROJECTDUUR&lt;/p&gt;&#xA;                            &lt;p class=&#34;text-2xl font-bold&#34;&gt;8-12 weken&lt;/p&gt;&#xA;                        &lt;/div&gt;&#xA;                        &lt;div class=&#34;w-12 h-12 bg-white bg-opacity-20 rounded-full flex items-center justify-center&#34;&gt;&#xA;                            &lt;svg class=&#34;w-6 h-6&#34; fill=&#34;currentColor&#34; viewBox=&#34;0 0 24 24&#34;&gt;&#xA;                                &lt;path d=&#34;M12 2C6.48 2 2 6.48 2 12s4.48 10 10 10 10-4.48 10-10S17.52 2 12 2zm-2 15l-5-5 1.41-1.41L10 14.17l7.59-7.59L19 8l-9 9z&#34;/&gt;&#xA;                            &lt;/svg&gt;&#xA;                        &lt;/div&gt;&#xA;                    &lt;/div&gt;&#xA;                &lt;/div&gt;&#xA;                &#xA;                &lt;div class=&#34;bg-gradient-to-r from-secondary-500 to-secondary-600 rounded-xl p-6 text-white&#34;&gt;&#xA;                    &lt;div class=&#34;flex items-center justify-between&#34;&gt;&#xA;                        &lt;div&gt;&#xA;                            &lt;p class=&#34;text-secondary-100 text-sm font-medium&#34;&gt;SUCCES RATE&lt;/p&gt;</description>
    </item>
    <item>
      <title>Roadmap Design Demo</title>
      <link>https://www.deductive.nl/process-demos/roadmap/</link>
      <pubDate>Mon, 01 Jan 0001 00:00:00 +0000</pubDate>
      <guid>https://www.deductive.nl/process-demos/roadmap/</guid>
      <description>&lt;section class=&#34;py-20 bg-gradient-to-br from-blue-50 to-purple-50&#34;&gt;&#xA;    &lt;div class=&#34;container mx-auto px-4 sm:px-6 lg:px-8 max-w-7xl&#34;&gt;&#xA;        &lt;div class=&#34;text-center mb-16&#34;&gt;&#xA;            &lt;h2 class=&#34;text-4xl font-bold mb-4&#34;&gt;AI-Implementatie Roadmap&lt;/h2&gt;&#xA;            &lt;p class=&#34;text-xl text-gray-600&#34;&gt;Een stap-voor-stap journey naar AI-succes&lt;/p&gt;&#xA;        &lt;/div&gt;&#xA;        &#xA;        &#xA;        &lt;div class=&#34;relative overflow-x-auto&#34;&gt;&#xA;            &lt;div class=&#34;min-w-max&#34;&gt;&#xA;                &#xA;                &lt;div class=&#34;relative h-8 bg-gradient-to-r from-primary-600 via-secondary-600 to-green-600 rounded-full mb-8 shadow-lg&#34;&gt;&#xA;                    &lt;div class=&#34;absolute inset-0 bg-gradient-to-r from-primary-600 via-secondary-600 to-green-600 rounded-full animate-pulse opacity-30&#34;&gt;&lt;/div&gt;&#xA;                &lt;/div&gt;&#xA;                &#xA;                &#xA;                &lt;div class=&#34;flex justify-between items-start relative -mt-16&#34;&gt;&#xA;                    &#xA;                    &lt;div class=&#34;flex flex-col items-center w-64 group&#34;&gt;&#xA;                        &lt;div class=&#34;relative&#34;&gt;&#xA;                            &lt;div class=&#34;w-16 h-16 bg-primary-600 rounded-full flex items-center justify-center shadow-xl transform group-hover:scale-110 transition-transform duration-300 border-4 border-white&#34;&gt;&#xA;                                &lt;svg class=&#34;w-8 h-8 text-white&#34; fill=&#34;none&#34; stroke=&#34;currentColor&#34; viewBox=&#34;0 0 24 24&#34;&gt;&#xA;                                    &lt;path stroke-linecap=&#34;round&#34; stroke-linejoin=&#34;round&#34; stroke-width=&#34;2&#34; d=&#34;M9 12l2 2 4-4m6 2a9 9 0 11-18 0 9 9 0 0118 0z&#34;/&gt;&#xA;                                &lt;/svg&gt;&#xA;                            &lt;/div&gt;&#xA;                            &lt;div class=&#34;absolute -top-2 -right-2 w-6 h-6 bg-yellow-400 rounded-full flex items-center justify-center text-xs font-bold text-gray-900&#34;&gt;1&lt;/div&gt;&#xA;                        &lt;/div&gt;&#xA;                        &lt;div class=&#34;mt-6 text-center&#34;&gt;&#xA;                            &lt;h3 class=&#34;text-xl font-bold text-gray-900 mb-2&#34;&gt;Discovery &amp; Analyse&lt;/h3&gt;&#xA;                            &lt;p class=&#34;text-gray-600 text-sm mb-4&#34;&gt;Diepgaande analyse van uw huidige processen en AI-potentieel&lt;/p&gt;</description>
    </item>
  </channel>
</rss>
