<?xml version="1.0" encoding="utf-8" standalone="yes"?>
<rss version="2.0" xmlns:atom="http://www.w3.org/2005/Atom">
  <channel>
    <title>Onze AI-oplossingen on Deductive</title>
    <link>https://www.deductive.nl/oplossingen/</link>
    <description>Recent content in Onze AI-oplossingen on Deductive</description>
    <generator>Hugo</generator>
    <language>nl-NL</language>
    <atom:link href="https://www.deductive.nl/oplossingen/index.xml" rel="self" type="application/rss+xml" />
    <item>
      <title>AI chatbot</title>
      <link>https://www.deductive.nl/oplossingen/ai-chatbot/</link>
      <pubDate>Mon, 01 Jan 0001 00:00:00 +0000</pubDate>
      <guid>https://www.deductive.nl/oplossingen/ai-chatbot/</guid>
      <description>&lt;!-- Hero Section --&gt;&#xA;&lt;section class=&#34;relative min-h-screen flex items-center bg-gradient-to-br from-purple-50 via-blue-50 to-indigo-50 overflow-hidden&#34;&gt;&#xA;&lt;div class=&#34;absolute inset-0 bg-circuit-pattern opacity-10&#34;&gt;&lt;/div&gt;&#xA;&lt;div class=&#34;absolute top-20 right-10 w-72 h-72 bg-gradient-to-br from-purple-400/20 to-blue-400/20 rounded-full blur-3xl animate-pulse&#34;&gt;&lt;/div&gt;&#xA;&lt;div class=&#34;absolute bottom-10 left-10 w-96 h-96 bg-gradient-to-tr from-indigo-400/20 to-cyan-400/20 rounded-full blur-3xl animate-pulse delay-1000&#34;&gt;&lt;/div&gt;&#xA;&lt;div class=&#34;container mx-auto px-4 sm:px-6 lg:px-8 max-w-7xl relative z-10&#34;&gt;&#xA;&lt;div class=&#34;text-center mb-16&#34;&gt;&#xA;&lt;!-- Trust Badge --&gt;&#xA;&lt;div class=&#34;inline-flex items-center bg-white/80 backdrop-blur-sm rounded-full px-6 py-3 mb-8 shadow-lg border border-gray-100&#34;&gt;&#xA;&lt;span class=&#34;w-3 h-3 bg-purple-500 rounded-full mr-3 animate-pulse&#34;&gt;&lt;/span&gt;&#xA;&lt;span class=&#34;text-gray-700 font-semibold text-sm&#34;&gt;24/7 AI-ondersteuning voor 1000+ bedrijven&lt;/span&gt;&#xA;&lt;/div&gt;&#xA;&lt;!-- Main Headline --&gt;&#xA;&lt;h1 class=&#34;text-4xl sm:text-5xl md:text-6xl lg:text-7xl font-bold text-gray-900 mb-6 leading-tight&#34;&gt;&#xA;Intelligente &#xA;&lt;span class=&#34;relative inline-block&#34;&gt;&#xA;&lt;span class=&#34;text-transparent bg-clip-text bg-gradient-to-r from-purple-600 to-blue-600 animate-gradient&#34;&gt;AI-chatbot&lt;/span&gt;&#xA;&lt;div class=&#34;absolute -bottom-2 left-0 right-0 h-1 bg-gradient-to-r from-purple-600 to-blue-600 rounded-full animate-pulse&#34;&gt;&lt;/div&gt;&#xA;&lt;/span&gt;&#xA;&lt;/h1&gt;&#xA;&lt;!-- Subheadline --&gt;&#xA;&lt;p class=&#34;text-lg sm:text-xl md:text-2xl text-gray-600 max-w-4xl mx-auto mb-8 leading-relaxed&#34;&gt;&#xA;Moderne AI-chatbots gaan ver voorbij eenvoudige vraag-en-antwoord systemen. Onze geavanceerde natuurlijke taalverwerking en machine learning transformeren uw klantenservice met intelligente, contextbewuste gesprekken.&#xA;&lt;/p&gt;</description>
    </item>
    <item>
      <title>AI-agents</title>
      <link>https://www.deductive.nl/oplossingen/ai-agents/</link>
      <pubDate>Mon, 01 Jan 0001 00:00:00 +0000</pubDate>
      <guid>https://www.deductive.nl/oplossingen/ai-agents/</guid>
      <description>&lt;!-- Hero Section --&gt;&#xA;&lt;section class=&#34;relative min-h-screen flex items-center bg-gradient-to-br from-blue-50 via-cyan-50 to-sky-50 overflow-hidden&#34;&gt;&#xA;&lt;!-- Background Pattern --&gt;&#xA;&lt;div class=&#34;absolute inset-0 bg-chat-pattern opacity-5&#34;&gt;&lt;/div&gt;&#xA;&lt;!-- Animated Blobs --&gt;&#xA;&lt;div class=&#34;absolute top-20 right-10 w-72 h-72 bg-gradient-to-br from-blue-400/20 to-cyan-400/20 rounded-full blur-3xl animate-pulse&#34;&gt;&lt;/div&gt;&#xA;&lt;div class=&#34;absolute bottom-10 left-10 w-96 h-96 bg-gradient-to-tr from-cyan-400/20 to-sky-400/20 rounded-full blur-3xl animate-pulse delay-1000&#34;&gt;&lt;/div&gt;&#xA;&lt;div class=&#34;container mx-auto px-4 sm:px-6 lg:px-8 max-w-7xl relative z-10&#34;&gt;&#xA;&lt;div class=&#34;text-center mb-16&#34;&gt;&#xA;&lt;!-- Trust Badge --&gt;&#xA;&lt;div class=&#34;inline-flex items-center bg-white/80 backdrop-blur-sm rounded-full px-6 py-3 mb-8 shadow-lg border border-gray-100&#34;&gt;&#xA;&lt;span class=&#34;w-3 h-3 bg-cyan-500 rounded-full mr-3 animate-pulse&#34;&gt;&lt;/span&gt;&#xA;&lt;span class=&#34;text-gray-700 font-semibold text-sm&#34;&gt;Automatiseer complexe bedrijfsprocessen met AI&lt;/span&gt;&#xA;&lt;/div&gt;&#xA;&lt;!-- Main Headline --&gt;&#xA;&lt;h1 class=&#34;text-4xl sm:text-5xl md:text-6xl lg:text-7xl font-bold text-gray-900 mb-6 leading-tight&#34;&gt;&#xA;Autonome&#xA;&lt;span class=&#34;relative inline-block&#34;&gt;&#xA;&lt;span class=&#34;text-transparent bg-clip-text bg-gradient-to-r from-blue-600 to-cyan-600 animate-gradient&#34;&gt;AI-agents&lt;/span&gt;&#xA;&lt;div class=&#34;absolute -bottom-2 left-0 right-0 h-1 bg-gradient-to-r from-blue-600 to-cyan-600 rounded-full animate-pulse&#34;&gt;&lt;/div&gt;&#xA;&lt;/span&gt;&#xA;&lt;/h1&gt;&#xA;&lt;p class=&#34;text-xl sm:text-2xl text-gray-600 mb-12 max-w-3xl mx-auto&#34;&gt;&#xA;Transformeer uw bedrijfsprocessen met intelligente AI-agents die zelfstandig werken, beslissingen nemen en 24/7 operationeel zijn.&#xA;&lt;/p&gt;</description>
    </item>
    <item>
      <title>Offertetool</title>
      <link>https://www.deductive.nl/oplossingen/offertetool/</link>
      <pubDate>Mon, 01 Jan 0001 00:00:00 +0000</pubDate>
      <guid>https://www.deductive.nl/oplossingen/offertetool/</guid>
      <description>&lt;!-- Interactive Hero Section --&gt;&#xA;&lt;section class=&#34;relative min-h-screen flex items-center bg-gradient-to-br from-green-50 via-emerald-50 to-teal-50 overflow-hidden&#34;&gt;&#xA;&lt;div class=&#34;absolute inset-0 bg-chat-pattern opacity-5&#34;&gt;&lt;/div&gt;&#xA;&lt;div class=&#34;absolute top-20 right-10 w-72 h-72 bg-gradient-to-br from-green-400/20 to-emerald-400/20 rounded-full blur-3xl animate-pulse&#34;&gt;&lt;/div&gt;&#xA;&lt;div class=&#34;absolute bottom-10 left-10 w-96 h-96 bg-gradient-to-tr from-teal-400/20 to-cyan-400/20 rounded-full blur-3xl animate-pulse delay-1000&#34;&gt;&lt;/div&gt;&#xA;&lt;div class=&#34;container mx-auto px-4 sm:px-6 lg:px-8 max-w-7xl relative z-10&#34;&gt;&#xA;&lt;div class=&#34;text-center mb-16&#34;&gt;&#xA;&lt;!-- Trust Badge --&gt;&#xA;&lt;div class=&#34;inline-flex items-center bg-white/80 backdrop-blur-sm rounded-full px-6 py-3 mb-8 shadow-lg border border-gray-100&#34;&gt;&#xA;&lt;span class=&#34;w-3 h-3 bg-green-500 rounded-full mr-3 animate-pulse&#34;&gt;&lt;/span&gt;&#xA;&lt;span class=&#34;text-gray-700 font-semibold text-sm&#34;&gt;85% sneller offertes voor 500+ bedrijven&lt;/span&gt;&#xA;&lt;/div&gt;&#xA;&lt;!-- Main Headline --&gt;&#xA;&lt;h1 class=&#34;text-4xl sm:text-5xl md:text-6xl lg:text-7xl font-bold text-gray-900 mb-6 leading-tight&#34;&gt;&#xA;Chat-gebaseerde &#xA;&lt;span class=&#34;relative inline-block&#34;&gt;&#xA;&lt;span class=&#34;text-transparent bg-clip-text bg-gradient-to-r from-green-600 to-emerald-600 animate-gradient&#34;&gt;Offertetool&lt;/span&gt;&#xA;&lt;div class=&#34;absolute -bottom-2 left-0 right-0 h-1 bg-gradient-to-r from-green-600 to-emerald-600 rounded-full animate-pulse&#34;&gt;&lt;/div&gt;&#xA;&lt;/span&gt;&#xA;&lt;/h1&gt;&#xA;&lt;!-- Subheadline --&gt;&#xA;&lt;p class=&#34;text-lg sm:text-xl md:text-2xl text-gray-600 max-w-4xl mx-auto mb-8 leading-relaxed&#34;&gt;&#xA;Revolutioneer uw verkoopproces met een AI-agent die automatisch offertes genereert via natuurlijke gesprekken op WhatsApp, website of email.&#xA;&lt;/p&gt;</description>
    </item>
  </channel>
</rss>
