<?xml version="1.0" encoding="utf-8" standalone="yes"?><rss version="2.0" xmlns:atom="http://www.w3.org/2005/Atom"><channel><title>Home on Deductive</title><link>https://www.deductive.nl/en/</link><description>Recent content in Home on Deductive</description><generator>Hugo</generator><language>en-US</language><atom:link href="https://www.deductive.nl/en/index.xml" rel="self" type="application/rss+xml"/><item><title>About Us</title><link>https://www.deductive.nl/en/company/</link><pubDate>Mon, 01 Jan 0001 00:00:00 +0000</pubDate><guid>https://www.deductive.nl/en/company/</guid><description>&lt;section class="bg-gradient-to-br from-blue-50 via-indigo-50 to-purple-50 pt-20 pb-32">
&lt;div class="container mx-auto px-4 sm:px-6 lg:px-8 max-w-7xl relative">

 &lt;div class="text-center">
 &lt;h1 class="text-5xl md:text-6xl font-bold mb-6">
 Where &lt;span class="text-transparent bg-clip-text bg-gradient-to-r from-blue-600 to-purple-600">Logic&lt;/span> 
 Meets &lt;span class="text-transparent bg-clip-text bg-gradient-to-r from-purple-600 to-indigo-600">Innovation&lt;/span>
 &lt;/h1>
 &lt;p class="text-xl md:text-2xl text-gray-600 max-w-4xl mx-auto leading-relaxed">
 At Deductive, we believe in the power of intelligent automation. Our team develops AI solutions that think, learn, and grow with your business.
 &lt;/p>
 &lt;/div>

&lt;/div>
&lt;/section>

&lt;section class="py-20">
&lt;div class="container mx-auto px-4 sm:px-6 lg:px-8 max-w-7xl relative">

 &lt;div class="max-w-4xl mx-auto text-center mb-16">
 &lt;h2 class="text-4xl md:text-5xl font-bold text-gray-900 mb-6">Our Mission&lt;/h2>
 &lt;p class="text-xl text-gray-600 leading-relaxed">
 We make artificial intelligence accessible and practical for businesses of all sizes. Our goal is to help organizations work smarter, not harder, through intelligent automation and AI-powered solutions.
 &lt;/p></description></item><item><title>Contact</title><link>https://www.deductive.nl/en/contact/</link><pubDate>Mon, 01 Jan 0001 00:00:00 +0000</pubDate><guid>https://www.deductive.nl/en/contact/</guid><description/></item><item><title>Pricing</title><link>https://www.deductive.nl/en/pricing/</link><pubDate>Mon, 01 Jan 0001 00:00:00 +0000</pubDate><guid>https://www.deductive.nl/en/pricing/</guid><description>&lt;section class="bg-gradient-to-br from-blue-50 via-indigo-50 to-purple-50 pt-20 pb-32">
&lt;div class="container mx-auto px-4 sm:px-6 lg:px-8 max-w-7xl relative">

 &lt;div class="text-center">
 &lt;h1 class="text-5xl md:text-6xl font-bold mb-6">
 Simple, &lt;span class="text-transparent bg-clip-text bg-gradient-to-r from-blue-600 to-purple-600">Transparent&lt;/span> Pricing
 &lt;/h1>
 &lt;p class="text-xl md:text-2xl text-gray-600 max-w-4xl mx-auto leading-relaxed">
 Choose the perfect AI solution for your business. No hidden fees, no surprises.
 &lt;/p>
 &lt;/div>

&lt;/div>
&lt;/section>

&lt;section class="py-20">
&lt;div class="container mx-auto px-4 sm:px-6 lg:px-8 max-w-7xl relative">

 &lt;div class="max-w-6xl mx-auto">
 &lt;div class="grid grid-cols-1 md:grid-cols-3 gap-8">
 &lt;!-- Starter Package -->
 &lt;div class="bg-white rounded-3xl p-8 shadow-lg hover:shadow-xl transition-all duration-300 border border-gray-100">
 &lt;div class="text-center mb-8">
 &lt;h3 class="text-2xl font-bold text-gray-900 mb-4">Starter&lt;/h3>
 &lt;div class="text-4xl font-bold text-blue-600 mb-2">€499&lt;/div>
 &lt;div class="text-gray-600">per month&lt;/div>
 &lt;/div>
 &lt;ul class="space-y-4 mb-8">
 &lt;li class="flex items-center">
 &lt;svg class="w-5 h-5 text-green-500 mr-3" fill="currentColor" viewBox="0 0 20 20">
 &lt;path fill-rule="evenodd" d="M16.707 5.293a1 1 0 010 1.414l-8 8a1 1 0 01-1.414 0l-4-4a1 1 0 011.414-1.414L8 12.586l7.293-7.293a1 1 0 011.414 0z" clip-rule="evenodd">&lt;/path>
 &lt;/svg>
 Basic AI Chatbot
 &lt;/li>
 &lt;li class="flex items-center">
 &lt;svg class="w-5 h-5 text-green-500 mr-3" fill="currentColor" viewBox="0 0 20 20">
 &lt;path fill-rule="evenodd" d="M16.707 5.293a1 1 0 010 1.414l-8 8a1 1 0 01-1.414 0l-4-4a1 1 0 011.414-1.414L8 12.586l7.293-7.293a1 1 0 011.414 0z" clip-rule="evenodd">&lt;/path>
 &lt;/svg>
 Up to 1,000 conversations/month
 &lt;/li>
 &lt;li class="flex items-center">
 &lt;svg class="w-5 h-5 text-green-500 mr-3" fill="currentColor" viewBox="0 0 20 20">
 &lt;path fill-rule="evenodd" d="M16.707 5.293a1 1 0 010 1.414l-8 8a1 1 0 01-1.414 0l-4-4a1 1 0 011.414-1.414L8 12.586l7.293-7.293a1 1 0 011.414 0z" clip-rule="evenodd">&lt;/path>
 &lt;/svg>
 Email Support
 &lt;/li>
 &lt;/ul>
 &lt;a href="https://www.deductive.nl/en/contact" class="block w-full text-center bg-blue-600 text-white font-semibold py-3 px-6 rounded-xl hover:bg-blue-700 transition-colors duration-200">
 Get Started
 &lt;/a>
 &lt;/div>

 &lt;!-- Professional Package -->
 &lt;div class="bg-gradient-to-br from-blue-600 to-purple-600 rounded-3xl p-8 shadow-lg hover:shadow-xl transition-all duration-300 transform hover:scale-105 relative">
 &lt;div class="absolute -top-4 left-1/2 transform -translate-x-1/2">
 &lt;span class="bg-orange-500 text-white px-4 py-2 rounded-full text-sm font-semibold">Most Popular&lt;/span>
 &lt;/div>
 &lt;div class="text-center mb-8">
 &lt;h3 class="text-2xl font-bold text-white mb-4">Professional&lt;/h3>
 &lt;div class="text-4xl font-bold text-white mb-2">€1,499&lt;/div>
 &lt;div class="text-blue-100">per month&lt;/div>
 &lt;/div>
 &lt;ul class="space-y-4 mb-8">
 &lt;li class="flex items-center">
 &lt;svg class="w-5 h-5 text-green-400 mr-3" fill="currentColor" viewBox="0 0 20 20">
 &lt;path fill-rule="evenodd" d="M16.707 5.293a1 1 0 010 1.414l-8 8a1 1 0 01-1.414 0l-4-4a1 1 0 011.414-1.414L8 12.586l7.293-7.293a1 1 0 011.414 0z" clip-rule="evenodd">&lt;/path>
 &lt;/svg>
 &lt;span class="text-white">Advanced AI Agent&lt;/span>
 &lt;/li>
 &lt;li class="flex items-center">
 &lt;svg class="w-5 h-5 text-green-400 mr-3" fill="currentColor" viewBox="0 0 20 20">
 &lt;path fill-rule="evenodd" d="M16.707 5.293a1 1 0 010 1.414l-8 8a1 1 0 01-1.414 0l-4-4a1 1 0 011.414-1.414L8 12.586l7.293-7.293a1 1 0 011.414 0z" clip-rule="evenodd">&lt;/path>
 &lt;/svg>
 &lt;span class="text-white">Up to 10,000 conversations/month&lt;/span>
 &lt;/li>
 &lt;li class="flex items-center">
 &lt;svg class="w-5 h-5 text-green-400 mr-3" fill="currentColor" viewBox="0 0 20 20">
 &lt;path fill-rule="evenodd" d="M16.707 5.293a1 1 0 010 1.414l-8 8a1 1 0 01-1.414 0l-4-4a1 1 0 011.414-1.414L8 12.586l7.293-7.293a1 1 0 011.414 0z" clip-rule="evenodd">&lt;/path>
 &lt;/svg>
 &lt;span class="text-white">Priority Support&lt;/span>
 &lt;/li>
 &lt;li class="flex items-center">
 &lt;svg class="w-5 h-5 text-green-400 mr-3" fill="currentColor" viewBox="0 0 20 20">
 &lt;path fill-rule="evenodd" d="M16.707 5.293a1 1 0 010 1.414l-8 8a1 1 0 01-1.414 0l-4-4a1 1 0 011.414-1.414L8 12.586l7.293-7.293a1 1 0 011.414 0z" clip-rule="evenodd">&lt;/path>
 &lt;/svg>
 &lt;span class="text-white">Custom Integrations&lt;/span>
 &lt;/li>
 &lt;/ul>
 &lt;a href="https://www.deductive.nl/en/contact" class="block w-full text-center bg-white text-blue-600 font-semibold py-3 px-6 rounded-xl hover:bg-gray-50 transition-colors duration-200">
 Get Started
 &lt;/a>
 &lt;/div>

 &lt;!-- Enterprise Package -->
 &lt;div class="bg-white rounded-3xl p-8 shadow-lg hover:shadow-xl transition-all duration-300 border border-gray-100">
 &lt;div class="text-center mb-8">
 &lt;h3 class="text-2xl font-bold text-gray-900 mb-4">Enterprise&lt;/h3>
 &lt;div class="text-4xl font-bold text-purple-600 mb-2">Custom&lt;/div>
 &lt;div class="text-gray-600">pricing&lt;/div>
 &lt;/div>
 &lt;ul class="space-y-4 mb-8">
 &lt;li class="flex items-center">
 &lt;svg class="w-5 h-5 text-green-500 mr-3" fill="currentColor" viewBox="0 0 20 20">
 &lt;path fill-rule="evenodd" d="M16.707 5.293a1 1 0 010 1.414l-8 8a1 1 0 01-1.414 0l-4-4a1 1 0 011.414-1.414L8 12.586l7.293-7.293a1 1 0 011.414 0z" clip-rule="evenodd">&lt;/path>
 &lt;/svg>
 Complete AI Solution
 &lt;/li>
 &lt;li class="flex items-center">
 &lt;svg class="w-5 h-5 text-green-500 mr-3" fill="currentColor" viewBox="0 0 20 20">
 &lt;path fill-rule="evenodd" d="M16.707 5.293a1 1 0 010 1.414l-8 8a1 1 0 01-1.414 0l-4-4a1 1 0 011.414-1.414L8 12.586l7.293-7.293a1 1 0 011.414 0z" clip-rule="evenodd">&lt;/path>
 &lt;/svg>
 Unlimited conversations
 &lt;/li>
 &lt;li class="flex items-center">
 &lt;svg class="w-5 h-5 text-green-500 mr-3" fill="currentColor" viewBox="0 0 20 20">
 &lt;path fill-rule="evenodd" d="M16.707 5.293a1 1 0 010 1.414l-8 8a1 1 0 01-1.414 0l-4-4a1 1 0 011.414-1.414L8 12.586l7.293-7.293a1 1 0 011.414 0z" clip-rule="evenodd">&lt;/path>
 &lt;/svg>
 Dedicated Support
 &lt;/li>
 &lt;li class="flex items-center">
 &lt;svg class="w-5 h-5 text-green-500 mr-3" fill="currentColor" viewBox="0 0 20 20">
 &lt;path fill-rule="evenodd" d="M16.707 5.293a1 1 0 010 1.414l-8 8a1 1 0 01-1.414 0l-4-4a1 1 0 011.414-1.414L8 12.586l7.293-7.293a1 1 0 011.414 0z" clip-rule="evenodd">&lt;/path>
 &lt;/svg>
 Custom Development
 &lt;/li>
 &lt;/ul>
 &lt;a href="https://www.deductive.nl/en/contact" class="block w-full text-center bg-purple-600 text-white font-semibold py-3 px-6 rounded-xl hover:bg-purple-700 transition-colors duration-200">
 Contact Us
 &lt;/a>
 &lt;/div>
 &lt;/div>
 &lt;/div>

&lt;/div>
&lt;/section></description></item></channel></rss>