<?xml version="1.0" encoding="utf-8" standalone="yes"?><rss version="2.0" xmlns:atom="http://www.w3.org/2005/Atom"><channel><title>Innovatie on Deductive</title><link>https://www.deductive.nl/tags/innovatie/</link><description>Recent content in Innovatie on Deductive</description><generator>Hugo</generator><language>nl-NL</language><lastBuildDate>Mon, 05 Feb 2024 00:00:00 +0000</lastBuildDate><atom:link href="https://www.deductive.nl/tags/innovatie/index.xml" rel="self" type="application/rss+xml"/><item><title>De Nederlandse AI-Revolutie: Hoe Drie Bedrijven de Toekomst Vormgeven</title><link>https://www.deductive.nl/blog/toekomst-van-ai-in-nederlandse-bedrijven/</link><pubDate>Mon, 05 Feb 2024 00:00:00 +0000</pubDate><guid>https://www.deductive.nl/blog/toekomst-van-ai-in-nederlandse-bedrijven/</guid><description>&lt;h2 id="amsterdam-december-2024-een-land-in-transformatie">Amsterdam, December 2024: Een Land in Transformatie&lt;/h2>
&lt;p>In een glazen boardroom op de 32e verdieping van de Zuidas bekijkt Emma de Vries, Chief Innovation Officer van ABN AMRO, de nieuwste AI-rapporten. Beneden haar strekt Amsterdam zich uit - van de historische grachten tot de hypermoderne kantoren. Maar wat ze ziet, is meer dan een stad. Het is de toekomst van Nederland.&lt;/p>
&lt;p>&amp;ldquo;Kijk eens naar deze cijfers,&amp;rdquo; zegt ze tegen haar team. &amp;ldquo;Nederlandse bedrijven implementeren AI 40% sneller dan het Europees gemiddelde. We zijn niet meer de volgers - we zijn de pioniers geworden.&amp;rdquo;&lt;/p></description></item></channel></rss>