<?xml version="1.0" encoding="utf-8" standalone="yes"?>
<rss version="2.0" xmlns:atom="http://www.w3.org/2005/Atom">
  <channel>
    <title>Klantenservice on Deductive</title>
    <link>http://localhost:1313/tags/klantenservice/</link>
    <description>Recent content in Klantenservice on Deductive</description>
    <generator>Hugo</generator>
    <language>nl-NL</language>
    <lastBuildDate>Sat, 11 Jan 2025 00:00:00 +0000</lastBuildDate>
    <atom:link href="http://localhost:1313/tags/klantenservice/index.xml" rel="self" type="application/rss+xml" />
    <item>
      <title>Waarom Deductive Discord Gebruikt als Klantencommunicatie Hub</title>
      <link>http://localhost:1313/blog/waarom-discord-voor-klantenservice/</link>
      <pubDate>Sat, 11 Jan 2025 00:00:00 +0000</pubDate>
      <guid>http://localhost:1313/blog/waarom-discord-voor-klantenservice/</guid>
      <description>&lt;h1 id=&#34;waarom-discord-de-moderne-klantencommunicatie-van-deductive&#34;&gt;Waarom Discord? De Moderne Klantencommunicatie van Deductive&lt;/h1&gt;&#xA;&lt;p&gt;In de wereld van AI-oplossingen beweegt alles snel. Onze klanten hebben vragen, willen snel antwoorden, en zoeken een gemeenschap waar ze kunnen leren van elkaar. Daarom hebben wij bij Deductive gekozen voor Discord als onze centrale klantencommunicatie hub. Hier leggen we uit waarom deze keuze zo logisch is.&lt;/p&gt;&#xA;&lt;h2 id=&#34;de-uitdaging-van-traditionele-klantenservice&#34;&gt;De Uitdaging van Traditionele Klantenservice&lt;/h2&gt;&#xA;&lt;p&gt;Traditionele klantenservice werkt via email, telefoon, of ticketsystemen. Deze methoden hebben echter significante beperkingen:&lt;/p&gt;</description>
    </item>
    <item>
      <title>Hoe AI-Chatbots de Klantenservice Transformeren in 2024</title>
      <link>http://localhost:1313/blog/ai-chatbots-transformeren-klantenservice/</link>
      <pubDate>Sat, 20 Jan 2024 00:00:00 +0000</pubDate>
      <guid>http://localhost:1313/blog/ai-chatbots-transformeren-klantenservice/</guid>
      <description>&lt;div class=&#34;bg-gray-50 p-6 rounded-lg mb-8&#34;&gt;&#xA;    &lt;h2 class=&#34;text-xl font-semibold mb-4&#34;&gt;Table of Contents&lt;/h2&gt;&#xA;    &lt;nav id=&#34;TableOfContents&#34;&gt;&#xA;  &lt;ul&gt;&#xA;    &lt;li&gt;&lt;a href=&#34;#de-evolutie-van-klantenservice&#34;&gt;De Evolutie van Klantenservice&lt;/a&gt;&lt;/li&gt;&#xA;    &lt;li&gt;&lt;a href=&#34;#waarom-ai-chatbots-essentieel-zijn&#34;&gt;Waarom AI-Chatbots Essentieel Zijn&lt;/a&gt;&#xA;      &lt;ul&gt;&#xA;        &lt;li&gt;&lt;a href=&#34;#247-beschikbaarheid&#34;&gt;24/7 Beschikbaarheid&lt;/a&gt;&lt;/li&gt;&#xA;        &lt;li&gt;&lt;a href=&#34;#gepersonaliseerde-ervaringen&#34;&gt;Gepersonaliseerde Ervaringen&lt;/a&gt;&lt;/li&gt;&#xA;      &lt;/ul&gt;&#xA;    &lt;/li&gt;&#xA;    &lt;li&gt;&lt;a href=&#34;#praktische-voordelen-voor-bedrijven&#34;&gt;Praktische Voordelen voor Bedrijven&lt;/a&gt;&#xA;      &lt;ul&gt;&#xA;        &lt;li&gt;&lt;a href=&#34;#kostenreductie&#34;&gt;Kostenreductie&lt;/a&gt;&lt;/li&gt;&#xA;        &lt;li&gt;&lt;a href=&#34;#verbeterde-efficiëntie&#34;&gt;Verbeterde Efficiëntie&lt;/a&gt;&lt;/li&gt;&#xA;        &lt;li&gt;&lt;a href=&#34;#waardevolle-inzichten&#34;&gt;Waardevolle Inzichten&lt;/a&gt;&lt;/li&gt;&#xA;      &lt;/ul&gt;&#xA;    &lt;/li&gt;&#xA;    &lt;li&gt;&lt;a href=&#34;#implementatie-strategie&#34;&gt;Implementatie Strategie&lt;/a&gt;&#xA;      &lt;ul&gt;&#xA;        &lt;li&gt;&lt;a href=&#34;#fase-1-analyse&#34;&gt;Fase 1: Analyse&lt;/a&gt;&lt;/li&gt;&#xA;        &lt;li&gt;&lt;a href=&#34;#fase-2-ontwikkeling&#34;&gt;Fase 2: Ontwikkeling&lt;/a&gt;&lt;/li&gt;&#xA;        &lt;li&gt;&lt;a href=&#34;#fase-3-uitrol&#34;&gt;Fase 3: Uitrol&lt;/a&gt;&lt;/li&gt;&#xA;      &lt;/ul&gt;&#xA;    &lt;/li&gt;&#xA;    &lt;li&gt;&lt;a href=&#34;#succesfactoren&#34;&gt;Succesfactoren&lt;/a&gt;&#xA;      &lt;ul&gt;&#xA;        &lt;li&gt;&lt;a href=&#34;#juiste-technologie&#34;&gt;Juiste Technologie&lt;/a&gt;&lt;/li&gt;&#xA;        &lt;li&gt;&lt;a href=&#34;#menselijke-touch&#34;&gt;Menselijke Touch&lt;/a&gt;&lt;/li&gt;&#xA;      &lt;/ul&gt;&#xA;    &lt;/li&gt;&#xA;    &lt;li&gt;&lt;a href=&#34;#toekomst-van-ai-chatbots&#34;&gt;Toekomst van AI-Chatbots&lt;/a&gt;&lt;/li&gt;&#xA;    &lt;li&gt;&lt;a href=&#34;#conclusie&#34;&gt;Conclusie&lt;/a&gt;&lt;/li&gt;&#xA;    &lt;li&gt;&lt;a href=&#34;#bronnen-en-referenties&#34;&gt;Bronnen en Referenties&lt;/a&gt;&lt;/li&gt;&#xA;  &lt;/ul&gt;&#xA;&lt;/nav&gt;&#xA;&lt;/div&gt;&#xA;&#xA;&lt;h2 id=&#34;de-evolutie-van-klantenservice&#34;&gt;De Evolutie van Klantenservice&lt;/h2&gt;&#xA;&lt;p&gt;Klantenservice heeft een dramatische transformatie ondergaan. Van traditionele callcenters naar moderne AI-chatbots - de manier waarop bedrijven met klanten communiceren is fundamenteel veranderd.&lt;/p&gt;</description>
    </item>
  </channel>
</rss>
