<?xml version="1.0" encoding="utf-8" standalone="yes"?>
<rss version="2.0" xmlns:atom="http://www.w3.org/2005/Atom">
  <channel>
    <title>Home on Deductive</title>
    <link>https://www.deductive.nl/</link>
    <description>Recent content in Home on Deductive</description>
    <generator>Hugo</generator>
    <language>nl-NL</language>
    <lastBuildDate>Mon, 15 Jan 2024 00:00:00 +0000</lastBuildDate>
    <atom:link href="https://www.deductive.nl/index.xml" rel="self" type="application/rss+xml" />
    <item>
      <title>Algemene Voorwaarden</title>
      <link>https://www.deductive.nl/terms/</link>
      <pubDate>Mon, 15 Jan 2024 00:00:00 +0000</pubDate>
      <guid>https://www.deductive.nl/terms/</guid>
      <description>&lt;h1 id=&#34;algemene-voorwaarden&#34;&gt;Algemene Voorwaarden&lt;/h1&gt;&#xA;&lt;p&gt;&lt;em&gt;Laatst bijgewerkt: 15 januari 2024&lt;/em&gt;&lt;/p&gt;&#xA;&lt;h2 id=&#34;1-definities&#34;&gt;1. Definities&lt;/h2&gt;&#xA;&lt;p&gt;In deze algemene voorwaarden wordt verstaan onder:&lt;/p&gt;&#xA;&lt;ul&gt;&#xA;&lt;li&gt;&lt;strong&gt;Deductive&lt;/strong&gt;: de besloten vennootschap Deductive, gevestigd te [adres], ingeschreven in het handelsregister onder nummer [KvK-nummer]&lt;/li&gt;&#xA;&lt;li&gt;&lt;strong&gt;Opdrachtgever&lt;/strong&gt;: de natuurlijke of rechtspersoon die een opdracht verstrekt aan Deductive&lt;/li&gt;&#xA;&lt;li&gt;&lt;strong&gt;Diensten&lt;/strong&gt;: alle door Deductive geleverde diensten, waaronder maar niet beperkt tot AI-consultancy, ontwikkeling van AI-chatbots, AI-agents en offertetools&lt;/li&gt;&#xA;&lt;li&gt;&lt;strong&gt;Overeenkomst&lt;/strong&gt;: elke overeenkomst tussen Deductive en Opdrachtgever&lt;/li&gt;&#xA;&lt;li&gt;&lt;strong&gt;Intellectueel Eigendom&lt;/strong&gt;: alle intellectuele eigendomsrechten, waaronder auteursrechten, merkrechten, octrooien en knowhow&lt;/li&gt;&#xA;&lt;/ul&gt;&#xA;&lt;h2 id=&#34;2-toepasselijkheid&#34;&gt;2. Toepasselijkheid&lt;/h2&gt;&#xA;&lt;h3 id=&#34;21-algemeen&#34;&gt;2.1 Algemeen&lt;/h3&gt;&#xA;&lt;p&gt;Deze algemene voorwaarden zijn van toepassing op alle aanbiedingen, offertes en overeenkomsten tussen Deductive en Opdrachtgever, tenzij uitdrukkelijk schriftelijk anders overeengekomen.&lt;/p&gt;</description>
    </item>
    <item>
      <title>Cookiebeleid</title>
      <link>https://www.deductive.nl/cookies/</link>
      <pubDate>Mon, 15 Jan 2024 00:00:00 +0000</pubDate>
      <guid>https://www.deductive.nl/cookies/</guid>
      <description>&lt;h1 id=&#34;cookiebeleid&#34;&gt;Cookiebeleid&lt;/h1&gt;&#xA;&lt;p&gt;&lt;em&gt;Laatst bijgewerkt: 15 januari 2024&lt;/em&gt;&lt;/p&gt;&#xA;&lt;h2 id=&#34;1-inleiding&#34;&gt;1. Inleiding&lt;/h2&gt;&#xA;&lt;p&gt;Deductive (&amp;ldquo;wij&amp;rdquo;, &amp;ldquo;ons&amp;rdquo;, &amp;ldquo;onze&amp;rdquo;) gebruikt cookies en vergelijkbare technologieën op onze website &lt;a href=&#34;https://www.deductive.nl&#34;&gt;www.deductive.nl&lt;/a&gt;. Dit cookiebeleid legt uit wat cookies zijn, hoe wij ze gebruiken, en welke keuzes u heeft.&lt;/p&gt;&#xA;&lt;h2 id=&#34;2-wat-zijn-cookies&#34;&gt;2. Wat zijn cookies&lt;/h2&gt;&#xA;&lt;h3 id=&#34;21-definitie&#34;&gt;2.1 Definitie&lt;/h3&gt;&#xA;&lt;p&gt;Cookies zijn kleine tekstbestanden die op uw apparaat worden opgeslagen wanneer u onze website bezoekt. Ze helpen ons de website te laten functioneren, veiliger te maken, een betere gebruikerservaring te bieden en te begrijpen hoe de website presteert.&lt;/p&gt;</description>
    </item>
    <item>
      <title>Privacybeleid</title>
      <link>https://www.deductive.nl/privacy/</link>
      <pubDate>Mon, 15 Jan 2024 00:00:00 +0000</pubDate>
      <guid>https://www.deductive.nl/privacy/</guid>
      <description>&lt;h1 id=&#34;privacybeleid&#34;&gt;Privacybeleid&lt;/h1&gt;&#xA;&lt;p&gt;&lt;em&gt;Laatst bijgewerkt: 15 januari 2024&lt;/em&gt;&lt;/p&gt;&#xA;&lt;h2 id=&#34;1-inleiding&#34;&gt;1. Inleiding&lt;/h2&gt;&#xA;&lt;p&gt;Deductive (&amp;ldquo;wij&amp;rdquo;, &amp;ldquo;ons&amp;rdquo;, &amp;ldquo;onze&amp;rdquo;) respecteert uw privacy en zet zich in voor de bescherming van uw persoonsgegevens. Dit privacybeleid legt uit hoe wij uw persoonsgegevens verzamelen, gebruiken en beschermen wanneer u onze website bezoekt of gebruik maakt van onze AI-diensten.&lt;/p&gt;&#xA;&lt;h2 id=&#34;2-wie-zijn-wij&#34;&gt;2. Wie zijn wij&lt;/h2&gt;&#xA;&lt;p&gt;&lt;strong&gt;Deductive&lt;/strong&gt;&lt;br&gt;&#xA;KvK-nummer: [Te vervangen met daadwerkelijk KvK-nummer]&lt;br&gt;&#xA;BTW-nummer: [Te vervangen met daadwerkelijk BTW-nummer]&lt;br&gt;&#xA;Adres: [Te vervangen met daadwerkelijk adres]&lt;br&gt;&#xA;E-mail: &lt;a href=&#34;mailto:info@deductive.nl&#34;&gt;info@deductive.nl&lt;/a&gt;&lt;br&gt;&#xA;Telefoon: [Te vervangen met daadwerkelijk telefoonnummer]&lt;/p&gt;</description>
    </item>
    <item>
      <title>About Us</title>
      <link>https://www.deductive.nl/en/company/</link>
      <pubDate>Mon, 01 Jan 0001 00:00:00 +0000</pubDate>
      <guid>https://www.deductive.nl/en/company/</guid>
      <description>&lt;section class=&#34;bg-gradient-to-br from-blue-50 via-indigo-50 to-purple-50 pt-20 pb-32&#34;&gt;&#xA;&lt;div class=&#34;container mx-auto px-4 sm:px-6 lg:px-8 max-w-7xl relative&#34;&gt;&#xA;&#xA;    &lt;div class=&#34;text-center&#34;&gt;&#xA;        &lt;h1 class=&#34;text-5xl md:text-6xl font-bold mb-6&#34;&gt;&#xA;            Where &lt;span class=&#34;text-transparent bg-clip-text bg-gradient-to-r from-blue-600 to-purple-600&#34;&gt;Logic&lt;/span&gt; &#xA;            Meets &lt;span class=&#34;text-transparent bg-clip-text bg-gradient-to-r from-purple-600 to-indigo-600&#34;&gt;Innovation&lt;/span&gt;&#xA;        &lt;/h1&gt;&#xA;        &lt;p class=&#34;text-xl md:text-2xl text-gray-600 max-w-4xl mx-auto leading-relaxed&#34;&gt;&#xA;            At Deductive, we believe in the power of intelligent automation. Our team develops AI solutions that think, learn, and grow with your business.&#xA;        &lt;/p&gt;&#xA;    &lt;/div&gt;&#xA;&#xA;&lt;/div&gt;&#xA;&lt;/section&gt;&#xA;&#xA;&lt;section class=&#34;py-20&#34;&gt;&#xA;&lt;div class=&#34;container mx-auto px-4 sm:px-6 lg:px-8 max-w-7xl relative&#34;&gt;&#xA;&#xA;    &lt;div class=&#34;max-w-4xl mx-auto text-center mb-16&#34;&gt;&#xA;        &lt;h2 class=&#34;text-4xl md:text-5xl font-bold text-gray-900 mb-6&#34;&gt;Our Mission&lt;/h2&gt;&#xA;        &lt;p class=&#34;text-xl text-gray-600 leading-relaxed&#34;&gt;&#xA;            We make artificial intelligence accessible and practical for businesses of all sizes. Our goal is to help organizations work smarter, not harder, through intelligent automation and AI-powered solutions.&#xA;        &lt;/p&gt;</description>
    </item>
    <item>
      <title>Accordion Design Demo</title>
      <link>https://www.deductive.nl/process-demos/accordion/</link>
      <pubDate>Mon, 01 Jan 0001 00:00:00 +0000</pubDate>
      <guid>https://www.deductive.nl/process-demos/accordion/</guid>
      <description>&lt;section class=&#34;py-20 bg-white&#34;&gt;&#xA;    &lt;div class=&#34;container mx-auto px-4 sm:px-6 lg:px-8 max-w-4xl&#34;&gt;&#xA;        &lt;div class=&#34;text-center mb-16&#34;&gt;&#xA;            &lt;h2 class=&#34;text-4xl font-bold mb-4&#34;&gt;Interactieve AI-Implementatie Guide&lt;/h2&gt;&#xA;            &lt;p class=&#34;text-xl text-gray-600&#34;&gt;Klik op elke fase om meer te ontdekken&lt;/p&gt;&#xA;        &lt;/div&gt;&#xA;        &#xA;        &lt;div class=&#34;space-y-4&#34;&gt;&#xA;            &#xA;            &lt;div class=&#34;accordion-item border-2 border-gray-200 rounded-xl overflow-hidden transition-all duration-300 hover:border-primary-300&#34;&gt;&#xA;                &lt;div class=&#34;accordion-header bg-gradient-to-r from-primary-50 to-primary-100 p-6 cursor-pointer select-none&#34; onclick=&#34;toggleAccordion(1)&#34;&gt;&#xA;                    &lt;div class=&#34;flex items-center justify-between&#34;&gt;&#xA;                        &lt;div class=&#34;flex items-center&#34;&gt;&#xA;                            &lt;div class=&#34;w-12 h-12 bg-primary-600 rounded-full flex items-center justify-center text-white font-bold mr-4&#34;&gt;&#xA;                                1&#xA;                            &lt;/div&gt;&#xA;                            &lt;div&gt;&#xA;                                &lt;h3 class=&#34;text-xl font-bold text-gray-900&#34;&gt;Discovery &amp; Analyse Fase&lt;/h3&gt;&#xA;                                &lt;p class=&#34;text-gray-600&#34;&gt;Strategie ontwikkeling en requirement gathering&lt;/p&gt;&#xA;                            &lt;/div&gt;&#xA;                        &lt;/div&gt;&#xA;                        &lt;div class=&#34;flex items-center&#34;&gt;&#xA;                            &lt;span class=&#34;text-sm text-primary-600 font-semibold mr-4&#34;&gt;1-2 weken&lt;/span&gt;&#xA;                            &lt;svg class=&#34;w-6 h-6 text-primary-600 transform transition-transform duration-300&#34; id=&#34;arrow-1&#34; fill=&#34;none&#34; stroke=&#34;currentColor&#34; viewBox=&#34;0 0 24 24&#34;&gt;&#xA;                                &lt;path stroke-linecap=&#34;round&#34; stroke-linejoin=&#34;round&#34; stroke-width=&#34;2&#34; d=&#34;M19 9l-7 7-7-7&#34;/&gt;&#xA;                            &lt;/svg&gt;&#xA;                        &lt;/div&gt;&#xA;                    &lt;/div&gt;&#xA;                &lt;/div&gt;&#xA;                &lt;div class=&#34;accordion-content max-h-0 overflow-hidden transition-all duration-300&#34; id=&#34;content-1&#34;&gt;&#xA;                    &lt;div class=&#34;p-6 border-t border-gray-200&#34;&gt;&#xA;                        &lt;div class=&#34;grid grid-cols-1 md:grid-cols-2 gap-6&#34;&gt;&#xA;                            &lt;div&gt;&#xA;                                &lt;h4 class=&#34;font-semibold text-lg mb-3 text-gray-900&#34;&gt;Wat we doen:&lt;/h4&gt;&#xA;                                &lt;ul class=&#34;space-y-2&#34;&gt;&#xA;                                    &lt;li class=&#34;flex items-start&#34;&gt;&#xA;                                        &lt;div class=&#34;w-2 h-2 bg-primary-600 rounded-full mt-2 mr-3&#34;&gt;&lt;/div&gt;&#xA;                                        &lt;span class=&#34;text-gray-700&#34;&gt;Stakeholder interviews en workshops&lt;/span&gt;&#xA;                                    &lt;/li&gt;&#xA;                                    &lt;li class=&#34;flex items-start&#34;&gt;&#xA;                                        &lt;div class=&#34;w-2 h-2 bg-primary-600 rounded-full mt-2 mr-3&#34;&gt;&lt;/div&gt;&#xA;                                        &lt;span class=&#34;text-gray-700&#34;&gt;Huidige proces mapping en analyse&lt;/span&gt;&#xA;                                    &lt;/li&gt;&#xA;                                    &lt;li class=&#34;flex items-start&#34;&gt;&#xA;                                        &lt;div class=&#34;w-2 h-2 bg-primary-600 rounded-full mt-2 mr-3&#34;&gt;&lt;/div&gt;&#xA;                                        &lt;span class=&#34;text-gray-700&#34;&gt;Technical feasibility assessment&lt;/span&gt;&#xA;                                    &lt;/li&gt;&#xA;                                    &lt;li class=&#34;flex items-start&#34;&gt;&#xA;                                        &lt;div class=&#34;w-2 h-2 bg-primary-600 rounded-full mt-2 mr-3&#34;&gt;&lt;/div&gt;&#xA;                                        &lt;span class=&#34;text-gray-700&#34;&gt;ROI projecties en business case&lt;/span&gt;&#xA;                                    &lt;/li&gt;&#xA;                                &lt;/ul&gt;&#xA;                            &lt;/div&gt;&#xA;                            &lt;div&gt;&#xA;                                &lt;h4 class=&#34;font-semibold text-lg mb-3 text-gray-900&#34;&gt;Deliverables:&lt;/h4&gt;&#xA;                                &lt;div class=&#34;space-y-3&#34;&gt;&#xA;                                    &lt;div class=&#34;bg-gray-50 p-3 rounded-lg&#34;&gt;&#xA;                                        &lt;div class=&#34;font-medium text-gray-900&#34;&gt;AI Strategy Document&lt;/div&gt;&#xA;                                        &lt;div class=&#34;text-sm text-gray-600&#34;&gt;Volledige strategie en implementatie roadmap&lt;/div&gt;&#xA;                                    &lt;/div&gt;&#xA;                                    &lt;div class=&#34;bg-gray-50 p-3 rounded-lg&#34;&gt;&#xA;                                        &lt;div class=&#34;font-medium text-gray-900&#34;&gt;Technical Architecture&lt;/div&gt;&#xA;                                        &lt;div class=&#34;text-sm text-gray-600&#34;&gt;Systeem architectuur en technische specificaties&lt;/div&gt;&#xA;                                    &lt;/div&gt;&#xA;                                    &lt;div class=&#34;bg-gray-50 p-3 rounded-lg&#34;&gt;&#xA;                                        &lt;div class=&#34;font-medium text-gray-900&#34;&gt;Project Timeline&lt;/div&gt;&#xA;                                        &lt;div class=&#34;text-sm text-gray-600&#34;&gt;Gedetailleerde planning en milestones&lt;/div&gt;&#xA;                                    &lt;/div&gt;&#xA;                                &lt;/div&gt;&#xA;                            &lt;/div&gt;&#xA;                        &lt;/div&gt;&#xA;                    &lt;/div&gt;&#xA;                &lt;/div&gt;&#xA;            &lt;/div&gt;&#xA;            &#xA;            &#xA;            &lt;div class=&#34;accordion-item border-2 border-gray-200 rounded-xl overflow-hidden transition-all duration-300 hover:border-secondary-300&#34;&gt;&#xA;                &lt;div class=&#34;accordion-header bg-gradient-to-r from-secondary-50 to-secondary-100 p-6 cursor-pointer select-none&#34; onclick=&#34;toggleAccordion(2)&#34;&gt;&#xA;                    &lt;div class=&#34;flex items-center justify-between&#34;&gt;&#xA;                        &lt;div class=&#34;flex items-center&#34;&gt;&#xA;                            &lt;div class=&#34;w-12 h-12 bg-secondary-600 rounded-full flex items-center justify-center text-white font-bold mr-4&#34;&gt;&#xA;                                2&#xA;                            &lt;/div&gt;&#xA;                            &lt;div&gt;&#xA;                                &lt;h3 class=&#34;text-xl font-bold text-gray-900&#34;&gt;Proof of Concept Fase&lt;/h3&gt;&#xA;                                &lt;p class=&#34;text-gray-600&#34;&gt;Rapid prototyping en validatie&lt;/p&gt;</description>
    </item>
    <item>
      <title>AI chatbot</title>
      <link>https://www.deductive.nl/oplossingen/ai-chatbot/</link>
      <pubDate>Mon, 01 Jan 0001 00:00:00 +0000</pubDate>
      <guid>https://www.deductive.nl/oplossingen/ai-chatbot/</guid>
      <description>&lt;!-- Hero Section --&gt;&#xA;&lt;section class=&#34;relative min-h-screen flex items-center bg-gradient-to-br from-purple-50 via-blue-50 to-indigo-50 overflow-hidden&#34;&gt;&#xA;&lt;div class=&#34;absolute inset-0 bg-circuit-pattern opacity-10&#34;&gt;&lt;/div&gt;&#xA;&lt;div class=&#34;absolute top-20 right-10 w-72 h-72 bg-gradient-to-br from-purple-400/20 to-blue-400/20 rounded-full blur-3xl animate-pulse&#34;&gt;&lt;/div&gt;&#xA;&lt;div class=&#34;absolute bottom-10 left-10 w-96 h-96 bg-gradient-to-tr from-indigo-400/20 to-cyan-400/20 rounded-full blur-3xl animate-pulse delay-1000&#34;&gt;&lt;/div&gt;&#xA;&lt;div class=&#34;container mx-auto px-4 sm:px-6 lg:px-8 max-w-7xl relative z-10&#34;&gt;&#xA;&lt;div class=&#34;text-center mb-16&#34;&gt;&#xA;&lt;!-- Trust Badge --&gt;&#xA;&lt;div class=&#34;inline-flex items-center bg-white/80 backdrop-blur-sm rounded-full px-6 py-3 mb-8 shadow-lg border border-gray-100&#34;&gt;&#xA;&lt;span class=&#34;w-3 h-3 bg-purple-500 rounded-full mr-3 animate-pulse&#34;&gt;&lt;/span&gt;&#xA;&lt;span class=&#34;text-gray-700 font-semibold text-sm&#34;&gt;24/7 AI-ondersteuning voor 1000+ bedrijven&lt;/span&gt;&#xA;&lt;/div&gt;&#xA;&lt;!-- Main Headline --&gt;&#xA;&lt;h1 class=&#34;text-4xl sm:text-5xl md:text-6xl lg:text-7xl font-bold text-gray-900 mb-6 leading-tight&#34;&gt;&#xA;Intelligente &#xA;&lt;span class=&#34;relative inline-block&#34;&gt;&#xA;&lt;span class=&#34;text-transparent bg-clip-text bg-gradient-to-r from-purple-600 to-blue-600 animate-gradient&#34;&gt;AI-chatbot&lt;/span&gt;&#xA;&lt;div class=&#34;absolute -bottom-2 left-0 right-0 h-1 bg-gradient-to-r from-purple-600 to-blue-600 rounded-full animate-pulse&#34;&gt;&lt;/div&gt;&#xA;&lt;/span&gt;&#xA;&lt;/h1&gt;&#xA;&lt;!-- Subheadline --&gt;&#xA;&lt;p class=&#34;text-lg sm:text-xl md:text-2xl text-gray-600 max-w-4xl mx-auto mb-8 leading-relaxed&#34;&gt;&#xA;Moderne AI-chatbots gaan ver voorbij eenvoudige vraag-en-antwoord systemen. Onze geavanceerde natuurlijke taalverwerking en machine learning transformeren uw klantenservice met intelligente, contextbewuste gesprekken.&#xA;&lt;/p&gt;</description>
    </item>
    <item>
      <title>AI-agents</title>
      <link>https://www.deductive.nl/oplossingen/ai-agents/</link>
      <pubDate>Mon, 01 Jan 0001 00:00:00 +0000</pubDate>
      <guid>https://www.deductive.nl/oplossingen/ai-agents/</guid>
      <description>&lt;!-- Hero Section --&gt;&#xA;&lt;section class=&#34;relative min-h-screen flex items-center bg-gradient-to-br from-blue-50 via-cyan-50 to-sky-50 overflow-hidden&#34;&gt;&#xA;&lt;!-- Background Pattern --&gt;&#xA;&lt;div class=&#34;absolute inset-0 bg-chat-pattern opacity-5&#34;&gt;&lt;/div&gt;&#xA;&lt;!-- Animated Blobs --&gt;&#xA;&lt;div class=&#34;absolute top-20 right-10 w-72 h-72 bg-gradient-to-br from-blue-400/20 to-cyan-400/20 rounded-full blur-3xl animate-pulse&#34;&gt;&lt;/div&gt;&#xA;&lt;div class=&#34;absolute bottom-10 left-10 w-96 h-96 bg-gradient-to-tr from-cyan-400/20 to-sky-400/20 rounded-full blur-3xl animate-pulse delay-1000&#34;&gt;&lt;/div&gt;&#xA;&lt;div class=&#34;container mx-auto px-4 sm:px-6 lg:px-8 max-w-7xl relative z-10&#34;&gt;&#xA;&lt;div class=&#34;text-center mb-16&#34;&gt;&#xA;&lt;!-- Trust Badge --&gt;&#xA;&lt;div class=&#34;inline-flex items-center bg-white/80 backdrop-blur-sm rounded-full px-6 py-3 mb-8 shadow-lg border border-gray-100&#34;&gt;&#xA;&lt;span class=&#34;w-3 h-3 bg-cyan-500 rounded-full mr-3 animate-pulse&#34;&gt;&lt;/span&gt;&#xA;&lt;span class=&#34;text-gray-700 font-semibold text-sm&#34;&gt;Automatiseer complexe bedrijfsprocessen met AI&lt;/span&gt;&#xA;&lt;/div&gt;&#xA;&lt;!-- Main Headline --&gt;&#xA;&lt;h1 class=&#34;text-4xl sm:text-5xl md:text-6xl lg:text-7xl font-bold text-gray-900 mb-6 leading-tight&#34;&gt;&#xA;Autonome&#xA;&lt;span class=&#34;relative inline-block&#34;&gt;&#xA;&lt;span class=&#34;text-transparent bg-clip-text bg-gradient-to-r from-blue-600 to-cyan-600 animate-gradient&#34;&gt;AI-agents&lt;/span&gt;&#xA;&lt;div class=&#34;absolute -bottom-2 left-0 right-0 h-1 bg-gradient-to-r from-blue-600 to-cyan-600 rounded-full animate-pulse&#34;&gt;&lt;/div&gt;&#xA;&lt;/span&gt;&#xA;&lt;/h1&gt;&#xA;&lt;p class=&#34;text-xl sm:text-2xl text-gray-600 mb-12 max-w-3xl mx-auto&#34;&gt;&#xA;Transformeer uw bedrijfsprocessen met intelligente AI-agents die zelfstandig werken, beslissingen nemen en 24/7 operationeel zijn.&#xA;&lt;/p&gt;</description>
    </item>
    <item>
      <title>Animated Design Demo</title>
      <link>https://www.deductive.nl/process-demos/animated/</link>
      <pubDate>Mon, 01 Jan 0001 00:00:00 +0000</pubDate>
      <guid>https://www.deductive.nl/process-demos/animated/</guid>
      <description>&lt;section class=&#34;py-20 bg-gradient-to-br from-gray-50 to-blue-50&#34;&gt;&#xA;    &lt;div class=&#34;container mx-auto px-4 sm:px-6 lg:px-8 max-w-6xl&#34;&gt;&#xA;        &lt;div class=&#34;text-center mb-16&#34;&gt;&#xA;            &lt;h2 class=&#34;text-4xl font-bold mb-4&#34;&gt;AI-Implementatie Journey&lt;/h2&gt;&#xA;            &lt;p class=&#34;text-xl text-gray-600&#34;&gt;Stap voor stap naar AI-succes&lt;/p&gt;&#xA;        &lt;/div&gt;&#xA;        &#xA;        &lt;div class=&#34;grid grid-cols-1 md:grid-cols-2 lg:grid-cols-4 gap-8&#34;&gt;&#xA;            &#xA;            &lt;div class=&#34;process-step group&#34; data-step=&#34;1&#34;&gt;&#xA;                &lt;div class=&#34;relative bg-white rounded-2xl shadow-lg p-6 transform hover:scale-105 transition-all duration-500 hover:shadow-2xl&#34;&gt;&#xA;                    &#xA;                    &lt;div class=&#34;absolute -top-4 -right-4 w-12 h-12 bg-primary-600 rounded-full flex items-center justify-center text-white font-bold text-lg shadow-lg&#34;&gt;&#xA;                        01&#xA;                    &lt;/div&gt;&#xA;                    &#xA;                    &#xA;                    &lt;div class=&#34;w-16 h-16 bg-primary-100 rounded-full flex items-center justify-center mb-6 group-hover:bg-primary-200 transition-colors duration-300&#34;&gt;&#xA;                        &lt;svg class=&#34;w-8 h-8 text-primary-600&#34; fill=&#34;none&#34; stroke=&#34;currentColor&#34; viewBox=&#34;0 0 24 24&#34;&gt;&#xA;                            &lt;path stroke-linecap=&#34;round&#34; stroke-linejoin=&#34;round&#34; stroke-width=&#34;2&#34; d=&#34;M9.663 17h4.673M12 3v1m6.364 1.636l-.707.707M21 12h-1M4 12H3m3.343-5.657l-.707-.707m2.828 9.9a5 5 0 117.072 0l-.548.547A3.374 3.374 0 0014 18.469V19a2 2 0 11-4 0v-.531c0-.895-.356-1.754-.988-2.386l-.548-.547z&#34;/&gt;&#xA;                        &lt;/svg&gt;&#xA;                    &lt;/div&gt;&#xA;                    &#xA;                    &#xA;                    &lt;h3 class=&#34;text-xl font-bold mb-3&#34;&gt;Discovery &amp; Strategische Planning&lt;/h3&gt;&#xA;                    &lt;p class=&#34;text-gray-600 mb-4&#34;&gt;We duiken diep in uw bedrijfsprocessen en identificeren de meest impactvolle AI-mogelijkheden.&lt;/p&gt;</description>
    </item>
    <item>
      <title>Beautiful Design System</title>
      <link>https://www.deductive.nl/features/design-system/</link>
      <pubDate>Mon, 01 Jan 0001 00:00:00 +0000</pubDate>
      <guid>https://www.deductive.nl/features/design-system/</guid>
      <description>&lt;h2 id=&#34;comprehensive-design-system&#34;&gt;Comprehensive Design System&lt;/h2&gt;&#xA;&lt;p&gt;Our theme includes a complete design system that makes it easy to create beautiful, consistent interfaces. Built on TailwindCSS, it provides the flexibility to customize every aspect of your design while maintaining a professional look.&lt;/p&gt;&#xA;&lt;h3 id=&#34;design-components&#34;&gt;Design Components&lt;/h3&gt;&#xA;&lt;h4 id=&#34;core-elements&#34;&gt;Core Elements&lt;/h4&gt;&#xA;&lt;ul&gt;&#xA;&lt;li&gt;Typography system with perfect vertical rhythm&lt;/li&gt;&#xA;&lt;li&gt;Color palette with semantic variables&lt;/li&gt;&#xA;&lt;li&gt;Spacing and sizing scales&lt;/li&gt;&#xA;&lt;li&gt;Grid and layout systems&lt;/li&gt;&#xA;&lt;/ul&gt;&#xA;&lt;h4 id=&#34;ui-components&#34;&gt;UI Components&lt;/h4&gt;&#xA;&lt;ul&gt;&#xA;&lt;li&gt;Navigation components (headers, footers, menus)&lt;/li&gt;&#xA;&lt;li&gt;Hero sections and feature displays&lt;/li&gt;&#xA;&lt;li&gt;Cards and content containers&lt;/li&gt;&#xA;&lt;li&gt;Forms and input elements&lt;/li&gt;&#xA;&lt;li&gt;Buttons and CTAs&lt;/li&gt;&#xA;&lt;li&gt;Pricing tables&lt;/li&gt;&#xA;&lt;li&gt;Testimonial displays&lt;/li&gt;&#xA;&lt;li&gt;Team member profiles&lt;/li&gt;&#xA;&lt;/ul&gt;&#xA;&lt;h4 id=&#34;design-features&#34;&gt;Design Features&lt;/h4&gt;&#xA;&lt;h5 id=&#34;customization&#34;&gt;Customization&lt;/h5&gt;&#xA;&lt;ul&gt;&#xA;&lt;li&gt;Easy theme customization through TailwindCSS&lt;/li&gt;&#xA;&lt;li&gt;Brand color management&lt;/li&gt;&#xA;&lt;li&gt;Typography customization&lt;/li&gt;&#xA;&lt;li&gt;Spacing system adjustment&lt;/li&gt;&#xA;&lt;li&gt;Component variants&lt;/li&gt;&#xA;&lt;/ul&gt;&#xA;&lt;h5 id=&#34;accessibility&#34;&gt;Accessibility&lt;/h5&gt;&#xA;&lt;ul&gt;&#xA;&lt;li&gt;WCAG 2.1 compliant components&lt;/li&gt;&#xA;&lt;li&gt;Proper ARIA attributes&lt;/li&gt;&#xA;&lt;li&gt;Keyboard navigation support&lt;/li&gt;&#xA;&lt;li&gt;High contrast mode support&lt;/li&gt;&#xA;&lt;li&gt;Screen reader optimized&lt;/li&gt;&#xA;&lt;/ul&gt;&#xA;&lt;h5 id=&#34;responsive-design&#34;&gt;Responsive Design&lt;/h5&gt;&#xA;&lt;ul&gt;&#xA;&lt;li&gt;Mobile-first approach&lt;/li&gt;&#xA;&lt;li&gt;Breakpoint system&lt;/li&gt;&#xA;&lt;li&gt;Fluid typography&lt;/li&gt;&#xA;&lt;li&gt;Adaptive layouts&lt;/li&gt;&#xA;&lt;li&gt;Touch-friendly interactions&lt;/li&gt;&#xA;&lt;/ul&gt;&#xA;&lt;p&gt;Our design system provides the perfect foundation for creating beautiful, accessible, and responsive websites that stand out from the crowd.&lt;/p&gt;</description>
    </item>
    <item>
      <title>Circular Design Demo</title>
      <link>https://www.deductive.nl/process-demos/circular/</link>
      <pubDate>Mon, 01 Jan 0001 00:00:00 +0000</pubDate>
      <guid>https://www.deductive.nl/process-demos/circular/</guid>
      <description>&lt;section class=&#34;py-20 bg-gray-900 text-white relative overflow-hidden&#34;&gt;&#xA;    &lt;div class=&#34;container mx-auto px-4 sm:px-6 lg:px-8 max-w-6xl&#34;&gt;&#xA;        &lt;div class=&#34;text-center mb-16&#34;&gt;&#xA;            &lt;h2 class=&#34;text-4xl font-bold mb-4&#34;&gt;AI-Transformatie Cyclus&lt;/h2&gt;&#xA;            &lt;p class=&#34;text-xl text-gray-300&#34;&gt;Een continue cyclus van innovatie en verbetering&lt;/p&gt;&#xA;        &lt;/div&gt;&#xA;        &#xA;        &#xA;        &lt;div class=&#34;absolute inset-0 overflow-hidden&#34;&gt;&#xA;            &lt;div class=&#34;absolute top-1/4 left-1/4 w-96 h-96 bg-primary-600 rounded-full opacity-10 animate-pulse&#34;&gt;&lt;/div&gt;&#xA;            &lt;div class=&#34;absolute bottom-1/4 right-1/4 w-64 h-64 bg-secondary-600 rounded-full opacity-10 animate-pulse&#34; style=&#34;animation-delay: 1s;&#34;&gt;&lt;/div&gt;&#xA;        &lt;/div&gt;&#xA;        &#xA;        &lt;div class=&#34;relative z-10 flex justify-center&#34;&gt;&#xA;            &lt;div class=&#34;relative w-96 h-96 mx-auto&#34;&gt;&#xA;                &#xA;                &lt;div class=&#34;absolute top-1/2 left-1/2 transform -translate-x-1/2 -translate-y-1/2 w-24 h-24 bg-gradient-to-br from-primary-600 to-secondary-600 rounded-full flex items-center justify-center shadow-2xl&#34;&gt;&#xA;                    &lt;svg class=&#34;w-12 h-12 text-white&#34; fill=&#34;none&#34; stroke=&#34;currentColor&#34; viewBox=&#34;0 0 24 24&#34;&gt;&#xA;                        &lt;path stroke-linecap=&#34;round&#34; stroke-linejoin=&#34;round&#34; stroke-width=&#34;2&#34; d=&#34;M13 10V3L4 14h7v7l9-11h-7z&#34;/&gt;&#xA;                    &lt;/svg&gt;&#xA;                &lt;/div&gt;&#xA;                &#xA;                &#xA;                &lt;div class=&#34;absolute inset-0 border-4 border-dashed border-gray-600 rounded-full animate-spin&#34; style=&#34;animation-duration: 30s;&#34;&gt;&lt;/div&gt;&#xA;                &#xA;                &#xA;                &lt;div class=&#34;absolute top-0 left-1/2 transform -translate-x-1/2 -translate-y-1/2 group&#34;&gt;&#xA;                    &lt;div class=&#34;w-16 h-16 bg-primary-600 rounded-full flex items-center justify-center shadow-xl hover:scale-110 transition-transform duration-300 cursor-pointer&#34;&gt;&#xA;                        &lt;span class=&#34;text-white font-bold text-lg&#34;&gt;1&lt;/span&gt;&#xA;                    &lt;/div&gt;&#xA;                    &lt;div class=&#34;absolute top-full mt-4 left-1/2 transform -translate-x-1/2 w-64 opacity-0 group-hover:opacity-100 transition-opacity duration-300&#34;&gt;&#xA;                        &lt;div class=&#34;bg-white text-gray-900 p-4 rounded-lg shadow-xl&#34;&gt;&#xA;                            &lt;h3 class=&#34;font-bold text-lg mb-2&#34;&gt;Strategische Analyse&lt;/h3&gt;&#xA;                            &lt;p class=&#34;text-sm mb-3&#34;&gt;Diepgaande analyse van uw business processes en AI-mogelijkheden&lt;/p&gt;</description>
    </item>
    <item>
      <title>Contact</title>
      <link>https://www.deductive.nl/contact/</link>
      <pubDate>Mon, 01 Jan 0001 00:00:00 +0000</pubDate>
      <guid>https://www.deductive.nl/contact/</guid>
      <description></description>
    </item>
    <item>
      <title>Contact</title>
      <link>https://www.deductive.nl/en/contact/</link>
      <pubDate>Mon, 01 Jan 0001 00:00:00 +0000</pubDate>
      <guid>https://www.deductive.nl/en/contact/</guid>
      <description></description>
    </item>
    <item>
      <title>Dashboard Design Demo</title>
      <link>https://www.deductive.nl/process-demos/dashboard/</link>
      <pubDate>Mon, 01 Jan 0001 00:00:00 +0000</pubDate>
      <guid>https://www.deductive.nl/process-demos/dashboard/</guid>
      <description>&lt;section class=&#34;py-20 bg-gradient-to-br from-gray-100 to-gray-200&#34;&gt;&#xA;    &lt;div class=&#34;container mx-auto px-4 sm:px-6 lg:px-8 max-w-7xl&#34;&gt;&#xA;        &lt;div class=&#34;text-center mb-16&#34;&gt;&#xA;            &lt;h2 class=&#34;text-4xl font-bold mb-4&#34;&gt;AI-Implementatie Dashboard&lt;/h2&gt;&#xA;            &lt;p class=&#34;text-xl text-gray-600&#34;&gt;Real-time inzicht in uw AI-transformatie proces&lt;/p&gt;&#xA;        &lt;/div&gt;&#xA;        &#xA;        &#xA;        &lt;div class=&#34;bg-white rounded-2xl shadow-2xl p-8&#34;&gt;&#xA;            &#xA;            &lt;div class=&#34;grid grid-cols-1 md:grid-cols-4 gap-6 mb-8&#34;&gt;&#xA;                &lt;div class=&#34;bg-gradient-to-r from-primary-500 to-primary-600 rounded-xl p-6 text-white&#34;&gt;&#xA;                    &lt;div class=&#34;flex items-center justify-between&#34;&gt;&#xA;                        &lt;div&gt;&#xA;                            &lt;p class=&#34;text-primary-100 text-sm font-medium&#34;&gt;GEMIDDELDE PROJECTDUUR&lt;/p&gt;&#xA;                            &lt;p class=&#34;text-2xl font-bold&#34;&gt;8-12 weken&lt;/p&gt;&#xA;                        &lt;/div&gt;&#xA;                        &lt;div class=&#34;w-12 h-12 bg-white bg-opacity-20 rounded-full flex items-center justify-center&#34;&gt;&#xA;                            &lt;svg class=&#34;w-6 h-6&#34; fill=&#34;currentColor&#34; viewBox=&#34;0 0 24 24&#34;&gt;&#xA;                                &lt;path d=&#34;M12 2C6.48 2 2 6.48 2 12s4.48 10 10 10 10-4.48 10-10S17.52 2 12 2zm-2 15l-5-5 1.41-1.41L10 14.17l7.59-7.59L19 8l-9 9z&#34;/&gt;&#xA;                            &lt;/svg&gt;&#xA;                        &lt;/div&gt;&#xA;                    &lt;/div&gt;&#xA;                &lt;/div&gt;&#xA;                &#xA;                &lt;div class=&#34;bg-gradient-to-r from-secondary-500 to-secondary-600 rounded-xl p-6 text-white&#34;&gt;&#xA;                    &lt;div class=&#34;flex items-center justify-between&#34;&gt;&#xA;                        &lt;div&gt;&#xA;                            &lt;p class=&#34;text-secondary-100 text-sm font-medium&#34;&gt;SUCCES RATE&lt;/p&gt;</description>
    </item>
    <item>
      <title>Developer Experience</title>
      <link>https://www.deductive.nl/features/developer-experience/</link>
      <pubDate>Mon, 01 Jan 0001 00:00:00 +0000</pubDate>
      <guid>https://www.deductive.nl/features/developer-experience/</guid>
      <description>&lt;h2 id=&#34;built-for-developers&#34;&gt;Built for Developers&lt;/h2&gt;&#xA;&lt;p&gt;Our theme is designed with developers in mind, providing a clean, efficient workflow that makes building websites enjoyable and productive.&lt;/p&gt;&#xA;&lt;h3 id=&#34;development-features&#34;&gt;Development Features&lt;/h3&gt;&#xA;&lt;h4 id=&#34;project-structure&#34;&gt;Project Structure&lt;/h4&gt;&#xA;&lt;ul&gt;&#xA;&lt;li&gt;Logical directory organization&lt;/li&gt;&#xA;&lt;li&gt;Clear separation of concerns&lt;/li&gt;&#xA;&lt;li&gt;Modular component architecture&lt;/li&gt;&#xA;&lt;li&gt;Consistent naming conventions&lt;/li&gt;&#xA;&lt;/ul&gt;&#xA;&lt;h4 id=&#34;development-workflow&#34;&gt;Development Workflow&lt;/h4&gt;&#xA;&lt;ul&gt;&#xA;&lt;li&gt;Fast hot reload development server&lt;/li&gt;&#xA;&lt;li&gt;Automatic asset processing&lt;/li&gt;&#xA;&lt;li&gt;Source maps for debugging&lt;/li&gt;&#xA;&lt;li&gt;Build process optimization&lt;/li&gt;&#xA;&lt;/ul&gt;&#xA;&lt;h4 id=&#34;component-system&#34;&gt;Component System&lt;/h4&gt;&#xA;&lt;h5 id=&#34;shortcodes&#34;&gt;Shortcodes&lt;/h5&gt;&#xA;&lt;ul&gt;&#xA;&lt;li&gt;Rich set of pre-built shortcodes&lt;/li&gt;&#xA;&lt;li&gt;Easy to create custom shortcodes&lt;/li&gt;&#xA;&lt;li&gt;Documentation for each shortcode&lt;/li&gt;&#xA;&lt;li&gt;Example implementations&lt;/li&gt;&#xA;&lt;/ul&gt;&#xA;&lt;h5 id=&#34;partials&#34;&gt;Partials&lt;/h5&gt;&#xA;&lt;ul&gt;&#xA;&lt;li&gt;Reusable partial templates&lt;/li&gt;&#xA;&lt;li&gt;Context-aware components&lt;/li&gt;&#xA;&lt;li&gt;Easy to extend and modify&lt;/li&gt;&#xA;&lt;li&gt;Clear documentation&lt;/li&gt;&#xA;&lt;/ul&gt;&#xA;&lt;h4 id=&#34;customization&#34;&gt;Customization&lt;/h4&gt;&#xA;&lt;h5 id=&#34;configuration&#34;&gt;Configuration&lt;/h5&gt;&#xA;&lt;ul&gt;&#xA;&lt;li&gt;Central configuration file&lt;/li&gt;&#xA;&lt;li&gt;Environment variables support&lt;/li&gt;&#xA;&lt;li&gt;Feature flags&lt;/li&gt;&#xA;&lt;li&gt;Easy theme customization&lt;/li&gt;&#xA;&lt;/ul&gt;&#xA;&lt;h5 id=&#34;styling&#34;&gt;Styling&lt;/h5&gt;&#xA;&lt;ul&gt;&#xA;&lt;li&gt;TailwindCSS integration&lt;/li&gt;&#xA;&lt;li&gt;PostCSS processing&lt;/li&gt;&#xA;&lt;li&gt;Custom CSS support&lt;/li&gt;&#xA;&lt;li&gt;Design token system&lt;/li&gt;&#xA;&lt;/ul&gt;&#xA;&lt;h4 id=&#34;documentation&#34;&gt;Documentation&lt;/h4&gt;&#xA;&lt;ul&gt;&#xA;&lt;li&gt;Getting started guide&lt;/li&gt;&#xA;&lt;li&gt;Component documentation&lt;/li&gt;&#xA;&lt;li&gt;Configuration reference&lt;/li&gt;&#xA;&lt;li&gt;Best practices&lt;/li&gt;&#xA;&lt;li&gt;Troubleshooting guide&lt;/li&gt;&#xA;&lt;li&gt;Deployment instructions&lt;/li&gt;&#xA;&lt;/ul&gt;&#xA;&lt;p&gt;Our developer experience focuses on making it easy to build, customize, and maintain your website while following best practices and maintaining clean, efficient code.&lt;/p&gt;</description>
    </item>
    <item>
      <title>License</title>
      <link>https://www.deductive.nl/license/</link>
      <pubDate>Mon, 01 Jan 0001 00:00:00 +0000</pubDate>
      <guid>https://www.deductive.nl/license/</guid>
      <description>&lt;h2 id=&#34;mit-license&#34;&gt;MIT License&lt;/h2&gt;&#xA;&lt;p&gt;Copyright (c) 2024&lt;/p&gt;&#xA;&lt;p&gt;Permission is hereby granted, free of charge, to any person obtaining a copy&#xA;of this software and associated documentation files (the &amp;ldquo;Software&amp;rdquo;), to deal&#xA;in the Software without restriction, including without limitation the rights&#xA;to use, copy, modify, merge, publish, distribute, sublicense, and/or sell&#xA;copies of the Software, and to permit persons to whom the Software is&#xA;furnished to do so, subject to the following conditions:&lt;/p&gt;</description>
    </item>
    <item>
      <title>Lightning-Fast Performance</title>
      <link>https://www.deductive.nl/features/performance/</link>
      <pubDate>Mon, 01 Jan 0001 00:00:00 +0000</pubDate>
      <guid>https://www.deductive.nl/features/performance/</guid>
      <description>&lt;h2 id=&#34;built-for-speed&#34;&gt;Built for Speed&lt;/h2&gt;&#xA;&lt;p&gt;Our theme is engineered from the ground up with performance in mind. By leveraging Hugo&amp;rsquo;s powerful static site generation and combining it with modern optimization techniques, we deliver websites that load instantly and run smoothly.&lt;/p&gt;&#xA;&lt;h3 id=&#34;performance-metrics&#34;&gt;Performance Metrics&lt;/h3&gt;&#xA;&lt;ul&gt;&#xA;&lt;li&gt;&lt;strong&gt;Build Time&lt;/strong&gt;: Less than 1 second for most sites&lt;/li&gt;&#xA;&lt;li&gt;&lt;strong&gt;Page Load Time&lt;/strong&gt;: Under 500ms first contentful paint&lt;/li&gt;&#xA;&lt;li&gt;&lt;strong&gt;Time to Interactive&lt;/strong&gt;: Under 1.5 seconds&lt;/li&gt;&#xA;&lt;li&gt;&lt;strong&gt;Google Lighthouse Score&lt;/strong&gt;: 95+ on all metrics&lt;/li&gt;&#xA;&lt;/ul&gt;&#xA;&lt;h3 id=&#34;optimization-features&#34;&gt;Optimization Features&lt;/h3&gt;&#xA;&lt;h4 id=&#34;asset-optimization&#34;&gt;Asset Optimization&lt;/h4&gt;&#xA;&lt;ul&gt;&#xA;&lt;li&gt;Automatic image optimization and WebP conversion&lt;/li&gt;&#xA;&lt;li&gt;CSS minification and purging of unused styles&lt;/li&gt;&#xA;&lt;li&gt;JavaScript bundling and tree-shaking&lt;/li&gt;&#xA;&lt;li&gt;Lazy loading of images and components&lt;/li&gt;&#xA;&lt;/ul&gt;&#xA;&lt;h4 id=&#34;caching-strategy&#34;&gt;Caching Strategy&lt;/h4&gt;&#xA;&lt;ul&gt;&#xA;&lt;li&gt;Efficient browser caching with proper headers&lt;/li&gt;&#xA;&lt;li&gt;Static asset fingerprinting&lt;/li&gt;&#xA;&lt;li&gt;Pre-rendered HTML for instant loads&lt;/li&gt;&#xA;&lt;li&gt;Service worker for offline capabilities&lt;/li&gt;&#xA;&lt;/ul&gt;&#xA;&lt;h4 id=&#34;cdn-integration&#34;&gt;CDN Integration&lt;/h4&gt;&#xA;&lt;ul&gt;&#xA;&lt;li&gt;Built for global distribution&lt;/li&gt;&#xA;&lt;li&gt;Edge caching ready&lt;/li&gt;&#xA;&lt;li&gt;Automatic cache invalidation&lt;/li&gt;&#xA;&lt;li&gt;Geographic redundancy&lt;/li&gt;&#xA;&lt;/ul&gt;&#xA;&lt;p&gt;Our performance-first approach ensures your website not only looks great but delivers an exceptional user experience through blazing-fast load times and smooth interactions.&lt;/p&gt;</description>
    </item>
    <item>
      <title>Offertetool</title>
      <link>https://www.deductive.nl/oplossingen/offertetool/</link>
      <pubDate>Mon, 01 Jan 0001 00:00:00 +0000</pubDate>
      <guid>https://www.deductive.nl/oplossingen/offertetool/</guid>
      <description>&lt;!-- Interactive Hero Section --&gt;&#xA;&lt;section class=&#34;relative min-h-screen flex items-center bg-gradient-to-br from-green-50 via-emerald-50 to-teal-50 overflow-hidden&#34;&gt;&#xA;&lt;div class=&#34;absolute inset-0 bg-chat-pattern opacity-5&#34;&gt;&lt;/div&gt;&#xA;&lt;div class=&#34;absolute top-20 right-10 w-72 h-72 bg-gradient-to-br from-green-400/20 to-emerald-400/20 rounded-full blur-3xl animate-pulse&#34;&gt;&lt;/div&gt;&#xA;&lt;div class=&#34;absolute bottom-10 left-10 w-96 h-96 bg-gradient-to-tr from-teal-400/20 to-cyan-400/20 rounded-full blur-3xl animate-pulse delay-1000&#34;&gt;&lt;/div&gt;&#xA;&lt;div class=&#34;container mx-auto px-4 sm:px-6 lg:px-8 max-w-7xl relative z-10&#34;&gt;&#xA;&lt;div class=&#34;text-center mb-16&#34;&gt;&#xA;&lt;!-- Trust Badge --&gt;&#xA;&lt;div class=&#34;inline-flex items-center bg-white/80 backdrop-blur-sm rounded-full px-6 py-3 mb-8 shadow-lg border border-gray-100&#34;&gt;&#xA;&lt;span class=&#34;w-3 h-3 bg-green-500 rounded-full mr-3 animate-pulse&#34;&gt;&lt;/span&gt;&#xA;&lt;span class=&#34;text-gray-700 font-semibold text-sm&#34;&gt;85% sneller offertes voor 500+ bedrijven&lt;/span&gt;&#xA;&lt;/div&gt;&#xA;&lt;!-- Main Headline --&gt;&#xA;&lt;h1 class=&#34;text-4xl sm:text-5xl md:text-6xl lg:text-7xl font-bold text-gray-900 mb-6 leading-tight&#34;&gt;&#xA;Chat-gebaseerde &#xA;&lt;span class=&#34;relative inline-block&#34;&gt;&#xA;&lt;span class=&#34;text-transparent bg-clip-text bg-gradient-to-r from-green-600 to-emerald-600 animate-gradient&#34;&gt;Offertetool&lt;/span&gt;&#xA;&lt;div class=&#34;absolute -bottom-2 left-0 right-0 h-1 bg-gradient-to-r from-green-600 to-emerald-600 rounded-full animate-pulse&#34;&gt;&lt;/div&gt;&#xA;&lt;/span&gt;&#xA;&lt;/h1&gt;&#xA;&lt;!-- Subheadline --&gt;&#xA;&lt;p class=&#34;text-lg sm:text-xl md:text-2xl text-gray-600 max-w-4xl mx-auto mb-8 leading-relaxed&#34;&gt;&#xA;Revolutioneer uw verkoopproces met een AI-agent die automatisch offertes genereert via natuurlijke gesprekken op WhatsApp, website of email.&#xA;&lt;/p&gt;</description>
    </item>
    <item>
      <title>Over ons</title>
      <link>https://www.deductive.nl/bedrijf/</link>
      <pubDate>Mon, 01 Jan 0001 00:00:00 +0000</pubDate>
      <guid>https://www.deductive.nl/bedrijf/</guid>
      <description>&lt;!-- Enhanced Hero Section --&gt;&#xA;&lt;section class=&#34;relative min-h-screen flex items-center bg-gradient-to-br from-blue-50 via-indigo-50 to-purple-50 overflow-hidden&#34;&gt;&#xA;&lt;div class=&#34;absolute inset-0 bg-circuit-pattern opacity-10&#34;&gt;&lt;/div&gt;&#xA;&lt;div class=&#34;absolute top-20 right-10 w-72 h-72 bg-gradient-to-br from-blue-400/20 to-purple-400/20 rounded-full blur-3xl animate-pulse&#34;&gt;&lt;/div&gt;&#xA;&lt;div class=&#34;absolute bottom-10 left-10 w-96 h-96 bg-gradient-to-tr from-indigo-400/20 to-cyan-400/20 rounded-full blur-3xl animate-pulse delay-1000&#34;&gt;&lt;/div&gt;&#xA;&lt;div class=&#34;container mx-auto px-4 sm:px-6 lg:px-8 max-w-7xl relative z-10&#34;&gt;&#xA;&lt;div class=&#34;text-center mb-16&#34;&gt;&#xA;&lt;!-- Trust Badge --&gt;&#xA;&lt;div class=&#34;inline-flex items-center bg-white/80 backdrop-blur-sm rounded-full px-6 py-3 mb-8 shadow-lg border border-gray-100&#34;&gt;&#xA;&lt;span class=&#34;w-3 h-3 bg-blue-500 rounded-full mr-3 animate-pulse&#34;&gt;&lt;/span&gt;&#xA;&lt;span class=&#34;text-gray-700 font-semibold text-sm&#34;&gt;Opgericht in 2024 • 5 tevreden klanten&lt;/span&gt;&#xA;&lt;/div&gt;&#xA;&lt;!-- Main Headline --&gt;&#xA;&lt;h1 class=&#34;text-4xl sm:text-5xl md:text-6xl lg:text-7xl font-bold text-gray-900 mb-6 leading-tight&#34;&gt;&#xA;Waar &#xA;&lt;span class=&#34;relative inline-block&#34;&gt;&#xA;&lt;span class=&#34;text-transparent bg-clip-text bg-gradient-to-r from-blue-600 to-purple-600 animate-gradient&#34;&gt;Logica &lt;/span&gt;&#xA;&lt;div class=&#34;absolute -bottom-2 left-0 right-0 h-1 bg-gradient-to-r from-blue-600 to-purple-600 rounded-full animate-pulse&#34;&gt;&lt;/div&gt;&#xA;&lt;/span&gt;&#xA;menselijkheid ontmoet&#xA;&lt;/h1&gt;&#xA;&lt;!-- Subheadline --&gt;&#xA;&lt;p class=&#34;text-lg sm:text-xl md:text-2xl text-gray-600 max-w-4xl mx-auto mb-8 leading-relaxed&#34;&gt;&#xA;Bij Deductive bouwen we de toekomst van AI-gedreven bedrijfsoplossingen met ongeëvenaarde vakmanschap. Onze missie is het democratiseren van geavanceerde AI-technologie voor bedrijven van elke omvang, zonder compromissen op kwaliteit.&#xA;&lt;/p&gt;</description>
    </item>
    <item>
      <title>Pagina Niet Gevonden</title>
      <link>https://www.deductive.nl/404/</link>
      <pubDate>Mon, 01 Jan 0001 00:00:00 +0000</pubDate>
      <guid>https://www.deductive.nl/404/</guid>
      <description>&lt;h1 id=&#34;404---pagina-niet-gevonden&#34;&gt;404 - Pagina Niet Gevonden&lt;/h1&gt;&#xA;&lt;p&gt;De pagina die u zoekt bestaat niet of is verplaatst.&lt;/p&gt;&#xA;&lt;h2 id=&#34;wat-kunt-u-doen&#34;&gt;Wat kunt u doen?&lt;/h2&gt;&#xA;&lt;ul&gt;&#xA;&lt;li&gt;Ga terug naar de &lt;a href=&#34;https://www.deductive.nl/&#34;&gt;homepage&lt;/a&gt;&lt;/li&gt;&#xA;&lt;li&gt;Bekijk onze &lt;a href=&#34;https://www.deductive.nl/oplossingen/&#34;&gt;oplossingen&lt;/a&gt;&lt;/li&gt;&#xA;&lt;li&gt;Lees onze &lt;a href=&#34;https://www.deductive.nl/blog/&#34;&gt;blog&lt;/a&gt;&lt;/li&gt;&#xA;&lt;li&gt;&lt;a href=&#34;https://www.deductive.nl/contact/&#34;&gt;Neem contact op&lt;/a&gt; als u hulp nodig heeft&lt;/li&gt;&#xA;&lt;/ul&gt;&#xA;&lt;h2 id=&#34;populaire-paginas&#34;&gt;Populaire Pagina&amp;rsquo;s&lt;/h2&gt;&#xA;&lt;ul&gt;&#xA;&lt;li&gt;&lt;a href=&#34;https://www.deductive.nl/oplossingen/ai-chatbot/&#34;&gt;AI Chatbot&lt;/a&gt;&lt;/li&gt;&#xA;&lt;li&gt;&lt;a href=&#34;https://www.deductive.nl/oplossingen/ai-agents/&#34;&gt;AI-Agents&lt;/a&gt;&lt;/li&gt;&#xA;&lt;li&gt;&lt;a href=&#34;https://www.deductive.nl/oplossingen/offertetool/&#34;&gt;Offertetool&lt;/a&gt;&lt;/li&gt;&#xA;&lt;li&gt;&lt;a href=&#34;https://www.deductive.nl/company/&#34;&gt;Over Ons&lt;/a&gt;&lt;/li&gt;&#xA;&lt;li&gt;&lt;a href=&#34;https://www.deductive.nl/contact/&#34;&gt;Contact&lt;/a&gt;&lt;/li&gt;&#xA;&lt;/ul&gt;</description>
    </item>
    <item>
      <title>Pricing</title>
      <link>https://www.deductive.nl/en/pricing/</link>
      <pubDate>Mon, 01 Jan 0001 00:00:00 +0000</pubDate>
      <guid>https://www.deductive.nl/en/pricing/</guid>
      <description>&lt;section class=&#34;bg-gradient-to-br from-blue-50 via-indigo-50 to-purple-50 pt-20 pb-32&#34;&gt;&#xA;&lt;div class=&#34;container mx-auto px-4 sm:px-6 lg:px-8 max-w-7xl relative&#34;&gt;&#xA;&#xA;    &lt;div class=&#34;text-center&#34;&gt;&#xA;        &lt;h1 class=&#34;text-5xl md:text-6xl font-bold mb-6&#34;&gt;&#xA;            Simple, &lt;span class=&#34;text-transparent bg-clip-text bg-gradient-to-r from-blue-600 to-purple-600&#34;&gt;Transparent&lt;/span&gt; Pricing&#xA;        &lt;/h1&gt;&#xA;        &lt;p class=&#34;text-xl md:text-2xl text-gray-600 max-w-4xl mx-auto leading-relaxed&#34;&gt;&#xA;            Choose the perfect AI solution for your business. No hidden fees, no surprises.&#xA;        &lt;/p&gt;&#xA;    &lt;/div&gt;&#xA;&#xA;&lt;/div&gt;&#xA;&lt;/section&gt;&#xA;&#xA;&lt;section class=&#34;py-20&#34;&gt;&#xA;&lt;div class=&#34;container mx-auto px-4 sm:px-6 lg:px-8 max-w-7xl relative&#34;&gt;&#xA;&#xA;    &lt;div class=&#34;max-w-6xl mx-auto&#34;&gt;&#xA;        &lt;div class=&#34;grid grid-cols-1 md:grid-cols-3 gap-8&#34;&gt;&#xA;            &lt;!-- Starter Package --&gt;&#xA;            &lt;div class=&#34;bg-white rounded-3xl p-8 shadow-lg hover:shadow-xl transition-all duration-300 border border-gray-100&#34;&gt;&#xA;                &lt;div class=&#34;text-center mb-8&#34;&gt;&#xA;                    &lt;h3 class=&#34;text-2xl font-bold text-gray-900 mb-4&#34;&gt;Starter&lt;/h3&gt;&#xA;                    &lt;div class=&#34;text-4xl font-bold text-blue-600 mb-2&#34;&gt;€499&lt;/div&gt;&#xA;                    &lt;div class=&#34;text-gray-600&#34;&gt;per month&lt;/div&gt;&#xA;                &lt;/div&gt;&#xA;                &lt;ul class=&#34;space-y-4 mb-8&#34;&gt;&#xA;                    &lt;li class=&#34;flex items-center&#34;&gt;&#xA;                        &lt;svg class=&#34;w-5 h-5 text-green-500 mr-3&#34; fill=&#34;currentColor&#34; viewBox=&#34;0 0 20 20&#34;&gt;&#xA;                            &lt;path fill-rule=&#34;evenodd&#34; d=&#34;M16.707 5.293a1 1 0 010 1.414l-8 8a1 1 0 01-1.414 0l-4-4a1 1 0 011.414-1.414L8 12.586l7.293-7.293a1 1 0 011.414 0z&#34; clip-rule=&#34;evenodd&#34;&gt;&lt;/path&gt;&#xA;                        &lt;/svg&gt;&#xA;                        Basic AI Chatbot&#xA;                    &lt;/li&gt;&#xA;                    &lt;li class=&#34;flex items-center&#34;&gt;&#xA;                        &lt;svg class=&#34;w-5 h-5 text-green-500 mr-3&#34; fill=&#34;currentColor&#34; viewBox=&#34;0 0 20 20&#34;&gt;&#xA;                            &lt;path fill-rule=&#34;evenodd&#34; d=&#34;M16.707 5.293a1 1 0 010 1.414l-8 8a1 1 0 01-1.414 0l-4-4a1 1 0 011.414-1.414L8 12.586l7.293-7.293a1 1 0 011.414 0z&#34; clip-rule=&#34;evenodd&#34;&gt;&lt;/path&gt;&#xA;                        &lt;/svg&gt;&#xA;                        Up to 1,000 conversations/month&#xA;                    &lt;/li&gt;&#xA;                    &lt;li class=&#34;flex items-center&#34;&gt;&#xA;                        &lt;svg class=&#34;w-5 h-5 text-green-500 mr-3&#34; fill=&#34;currentColor&#34; viewBox=&#34;0 0 20 20&#34;&gt;&#xA;                            &lt;path fill-rule=&#34;evenodd&#34; d=&#34;M16.707 5.293a1 1 0 010 1.414l-8 8a1 1 0 01-1.414 0l-4-4a1 1 0 011.414-1.414L8 12.586l7.293-7.293a1 1 0 011.414 0z&#34; clip-rule=&#34;evenodd&#34;&gt;&lt;/path&gt;&#xA;                        &lt;/svg&gt;&#xA;                        Email Support&#xA;                    &lt;/li&gt;&#xA;                &lt;/ul&gt;&#xA;                &lt;a href=&#34;https://www.deductive.nl/en/contact&#34; class=&#34;block w-full text-center bg-blue-600 text-white font-semibold py-3 px-6 rounded-xl hover:bg-blue-700 transition-colors duration-200&#34;&gt;&#xA;                    Get Started&#xA;                &lt;/a&gt;&#xA;            &lt;/div&gt;&#xA;&#xA;            &lt;!-- Professional Package --&gt;&#xA;            &lt;div class=&#34;bg-gradient-to-br from-blue-600 to-purple-600 rounded-3xl p-8 shadow-lg hover:shadow-xl transition-all duration-300 transform hover:scale-105 relative&#34;&gt;&#xA;                &lt;div class=&#34;absolute -top-4 left-1/2 transform -translate-x-1/2&#34;&gt;&#xA;                    &lt;span class=&#34;bg-orange-500 text-white px-4 py-2 rounded-full text-sm font-semibold&#34;&gt;Most Popular&lt;/span&gt;&#xA;                &lt;/div&gt;&#xA;                &lt;div class=&#34;text-center mb-8&#34;&gt;&#xA;                    &lt;h3 class=&#34;text-2xl font-bold text-white mb-4&#34;&gt;Professional&lt;/h3&gt;&#xA;                    &lt;div class=&#34;text-4xl font-bold text-white mb-2&#34;&gt;€1,499&lt;/div&gt;&#xA;                    &lt;div class=&#34;text-blue-100&#34;&gt;per month&lt;/div&gt;&#xA;                &lt;/div&gt;&#xA;                &lt;ul class=&#34;space-y-4 mb-8&#34;&gt;&#xA;                    &lt;li class=&#34;flex items-center&#34;&gt;&#xA;                        &lt;svg class=&#34;w-5 h-5 text-green-400 mr-3&#34; fill=&#34;currentColor&#34; viewBox=&#34;0 0 20 20&#34;&gt;&#xA;                            &lt;path fill-rule=&#34;evenodd&#34; d=&#34;M16.707 5.293a1 1 0 010 1.414l-8 8a1 1 0 01-1.414 0l-4-4a1 1 0 011.414-1.414L8 12.586l7.293-7.293a1 1 0 011.414 0z&#34; clip-rule=&#34;evenodd&#34;&gt;&lt;/path&gt;&#xA;                        &lt;/svg&gt;&#xA;                        &lt;span class=&#34;text-white&#34;&gt;Advanced AI Agent&lt;/span&gt;&#xA;                    &lt;/li&gt;&#xA;                    &lt;li class=&#34;flex items-center&#34;&gt;&#xA;                        &lt;svg class=&#34;w-5 h-5 text-green-400 mr-3&#34; fill=&#34;currentColor&#34; viewBox=&#34;0 0 20 20&#34;&gt;&#xA;                            &lt;path fill-rule=&#34;evenodd&#34; d=&#34;M16.707 5.293a1 1 0 010 1.414l-8 8a1 1 0 01-1.414 0l-4-4a1 1 0 011.414-1.414L8 12.586l7.293-7.293a1 1 0 011.414 0z&#34; clip-rule=&#34;evenodd&#34;&gt;&lt;/path&gt;&#xA;                        &lt;/svg&gt;&#xA;                        &lt;span class=&#34;text-white&#34;&gt;Up to 10,000 conversations/month&lt;/span&gt;&#xA;                    &lt;/li&gt;&#xA;                    &lt;li class=&#34;flex items-center&#34;&gt;&#xA;                        &lt;svg class=&#34;w-5 h-5 text-green-400 mr-3&#34; fill=&#34;currentColor&#34; viewBox=&#34;0 0 20 20&#34;&gt;&#xA;                            &lt;path fill-rule=&#34;evenodd&#34; d=&#34;M16.707 5.293a1 1 0 010 1.414l-8 8a1 1 0 01-1.414 0l-4-4a1 1 0 011.414-1.414L8 12.586l7.293-7.293a1 1 0 011.414 0z&#34; clip-rule=&#34;evenodd&#34;&gt;&lt;/path&gt;&#xA;                        &lt;/svg&gt;&#xA;                        &lt;span class=&#34;text-white&#34;&gt;Priority Support&lt;/span&gt;&#xA;                    &lt;/li&gt;&#xA;                    &lt;li class=&#34;flex items-center&#34;&gt;&#xA;                        &lt;svg class=&#34;w-5 h-5 text-green-400 mr-3&#34; fill=&#34;currentColor&#34; viewBox=&#34;0 0 20 20&#34;&gt;&#xA;                            &lt;path fill-rule=&#34;evenodd&#34; d=&#34;M16.707 5.293a1 1 0 010 1.414l-8 8a1 1 0 01-1.414 0l-4-4a1 1 0 011.414-1.414L8 12.586l7.293-7.293a1 1 0 011.414 0z&#34; clip-rule=&#34;evenodd&#34;&gt;&lt;/path&gt;&#xA;                        &lt;/svg&gt;&#xA;                        &lt;span class=&#34;text-white&#34;&gt;Custom Integrations&lt;/span&gt;&#xA;                    &lt;/li&gt;&#xA;                &lt;/ul&gt;&#xA;                &lt;a href=&#34;https://www.deductive.nl/en/contact&#34; class=&#34;block w-full text-center bg-white text-blue-600 font-semibold py-3 px-6 rounded-xl hover:bg-gray-50 transition-colors duration-200&#34;&gt;&#xA;                    Get Started&#xA;                &lt;/a&gt;&#xA;            &lt;/div&gt;&#xA;&#xA;            &lt;!-- Enterprise Package --&gt;&#xA;            &lt;div class=&#34;bg-white rounded-3xl p-8 shadow-lg hover:shadow-xl transition-all duration-300 border border-gray-100&#34;&gt;&#xA;                &lt;div class=&#34;text-center mb-8&#34;&gt;&#xA;                    &lt;h3 class=&#34;text-2xl font-bold text-gray-900 mb-4&#34;&gt;Enterprise&lt;/h3&gt;&#xA;                    &lt;div class=&#34;text-4xl font-bold text-purple-600 mb-2&#34;&gt;Custom&lt;/div&gt;&#xA;                    &lt;div class=&#34;text-gray-600&#34;&gt;pricing&lt;/div&gt;&#xA;                &lt;/div&gt;&#xA;                &lt;ul class=&#34;space-y-4 mb-8&#34;&gt;&#xA;                    &lt;li class=&#34;flex items-center&#34;&gt;&#xA;                        &lt;svg class=&#34;w-5 h-5 text-green-500 mr-3&#34; fill=&#34;currentColor&#34; viewBox=&#34;0 0 20 20&#34;&gt;&#xA;                            &lt;path fill-rule=&#34;evenodd&#34; d=&#34;M16.707 5.293a1 1 0 010 1.414l-8 8a1 1 0 01-1.414 0l-4-4a1 1 0 011.414-1.414L8 12.586l7.293-7.293a1 1 0 011.414 0z&#34; clip-rule=&#34;evenodd&#34;&gt;&lt;/path&gt;&#xA;                        &lt;/svg&gt;&#xA;                        Complete AI Solution&#xA;                    &lt;/li&gt;&#xA;                    &lt;li class=&#34;flex items-center&#34;&gt;&#xA;                        &lt;svg class=&#34;w-5 h-5 text-green-500 mr-3&#34; fill=&#34;currentColor&#34; viewBox=&#34;0 0 20 20&#34;&gt;&#xA;                            &lt;path fill-rule=&#34;evenodd&#34; d=&#34;M16.707 5.293a1 1 0 010 1.414l-8 8a1 1 0 01-1.414 0l-4-4a1 1 0 011.414-1.414L8 12.586l7.293-7.293a1 1 0 011.414 0z&#34; clip-rule=&#34;evenodd&#34;&gt;&lt;/path&gt;&#xA;                        &lt;/svg&gt;&#xA;                        Unlimited conversations&#xA;                    &lt;/li&gt;&#xA;                    &lt;li class=&#34;flex items-center&#34;&gt;&#xA;                        &lt;svg class=&#34;w-5 h-5 text-green-500 mr-3&#34; fill=&#34;currentColor&#34; viewBox=&#34;0 0 20 20&#34;&gt;&#xA;                            &lt;path fill-rule=&#34;evenodd&#34; d=&#34;M16.707 5.293a1 1 0 010 1.414l-8 8a1 1 0 01-1.414 0l-4-4a1 1 0 011.414-1.414L8 12.586l7.293-7.293a1 1 0 011.414 0z&#34; clip-rule=&#34;evenodd&#34;&gt;&lt;/path&gt;&#xA;                        &lt;/svg&gt;&#xA;                        Dedicated Support&#xA;                    &lt;/li&gt;&#xA;                    &lt;li class=&#34;flex items-center&#34;&gt;&#xA;                        &lt;svg class=&#34;w-5 h-5 text-green-500 mr-3&#34; fill=&#34;currentColor&#34; viewBox=&#34;0 0 20 20&#34;&gt;&#xA;                            &lt;path fill-rule=&#34;evenodd&#34; d=&#34;M16.707 5.293a1 1 0 010 1.414l-8 8a1 1 0 01-1.414 0l-4-4a1 1 0 011.414-1.414L8 12.586l7.293-7.293a1 1 0 011.414 0z&#34; clip-rule=&#34;evenodd&#34;&gt;&lt;/path&gt;&#xA;                        &lt;/svg&gt;&#xA;                        Custom Development&#xA;                    &lt;/li&gt;&#xA;                &lt;/ul&gt;&#xA;                &lt;a href=&#34;https://www.deductive.nl/en/contact&#34; class=&#34;block w-full text-center bg-purple-600 text-white font-semibold py-3 px-6 rounded-xl hover:bg-purple-700 transition-colors duration-200&#34;&gt;&#xA;                    Contact Us&#xA;                &lt;/a&gt;&#xA;            &lt;/div&gt;&#xA;        &lt;/div&gt;&#xA;    &lt;/div&gt;&#xA;&#xA;&lt;/div&gt;&#xA;&lt;/section&gt;</description>
    </item>
    <item>
      <title>Prijzen</title>
      <link>https://www.deductive.nl/pricing/</link>
      <pubDate>Mon, 01 Jan 0001 00:00:00 +0000</pubDate>
      <guid>https://www.deductive.nl/pricing/</guid>
      <description>&lt;!-- Interactive Pricing Hero --&gt;&#xA;&lt;section class=&#34;relative py-20 bg-gradient-to-br from-gray-50 via-blue-50 to-purple-50 overflow-hidden&#34;&gt;&#xA;&lt;div class=&#34;absolute inset-0 bg-circuit-pattern opacity-5&#34;&gt;&lt;/div&gt;&#xA;&lt;div class=&#34;container mx-auto px-4 sm:px-6 lg:px-8 max-w-7xl relative&#34;&gt;&#xA;&lt;div class=&#34;text-center mb-16&#34;&gt;&#xA;&lt;h1 class=&#34;text-5xl md:text-6xl font-bold text-gray-900 mb-6&#34;&gt;&#xA;Transparante prijzen&#xA;&lt;/h1&gt;&#xA;&lt;p class=&#34;text-xl text-gray-600 max-w-4xl mx-auto mb-8&#34;&gt;&#xA;Kies de perfecte AI-oplossing voor uw bedrijf. Alle plannen bevatten 30 dagen gratis ondersteuning en geen verborgen kosten. Geen surprises, geen tijdverspilling - gewoon kwaliteit waar u op kunt rekenen.&#xA;&lt;/p&gt;&#xA;&lt;!-- Kwaliteit Boodschap --&gt;&#xA;&lt;div class=&#34;bg-white rounded-2xl p-6 max-w-4xl mx-auto shadow-lg mb-8&#34;&gt;&#xA;&lt;p class=&#34;text-lg text-gray-700 italic leading-relaxed&#34;&gt;&#xA;&#34;Wij geloven in eerlijke prijzen voor kwaliteitsoplossingen. Geen goedkope trucjes of verborgen kosten - gewoon transparante prijzen voor AI-technologie die daadwerkelijk werkt.&#34;&#xA;&lt;/p&gt;</description>
    </item>
    <item>
      <title>Roadmap Design Demo</title>
      <link>https://www.deductive.nl/process-demos/roadmap/</link>
      <pubDate>Mon, 01 Jan 0001 00:00:00 +0000</pubDate>
      <guid>https://www.deductive.nl/process-demos/roadmap/</guid>
      <description>&lt;section class=&#34;py-20 bg-gradient-to-br from-blue-50 to-purple-50&#34;&gt;&#xA;    &lt;div class=&#34;container mx-auto px-4 sm:px-6 lg:px-8 max-w-7xl&#34;&gt;&#xA;        &lt;div class=&#34;text-center mb-16&#34;&gt;&#xA;            &lt;h2 class=&#34;text-4xl font-bold mb-4&#34;&gt;AI-Implementatie Roadmap&lt;/h2&gt;&#xA;            &lt;p class=&#34;text-xl text-gray-600&#34;&gt;Een stap-voor-stap journey naar AI-succes&lt;/p&gt;&#xA;        &lt;/div&gt;&#xA;        &#xA;        &#xA;        &lt;div class=&#34;relative overflow-x-auto&#34;&gt;&#xA;            &lt;div class=&#34;min-w-max&#34;&gt;&#xA;                &#xA;                &lt;div class=&#34;relative h-8 bg-gradient-to-r from-primary-600 via-secondary-600 to-green-600 rounded-full mb-8 shadow-lg&#34;&gt;&#xA;                    &lt;div class=&#34;absolute inset-0 bg-gradient-to-r from-primary-600 via-secondary-600 to-green-600 rounded-full animate-pulse opacity-30&#34;&gt;&lt;/div&gt;&#xA;                &lt;/div&gt;&#xA;                &#xA;                &#xA;                &lt;div class=&#34;flex justify-between items-start relative -mt-16&#34;&gt;&#xA;                    &#xA;                    &lt;div class=&#34;flex flex-col items-center w-64 group&#34;&gt;&#xA;                        &lt;div class=&#34;relative&#34;&gt;&#xA;                            &lt;div class=&#34;w-16 h-16 bg-primary-600 rounded-full flex items-center justify-center shadow-xl transform group-hover:scale-110 transition-transform duration-300 border-4 border-white&#34;&gt;&#xA;                                &lt;svg class=&#34;w-8 h-8 text-white&#34; fill=&#34;none&#34; stroke=&#34;currentColor&#34; viewBox=&#34;0 0 24 24&#34;&gt;&#xA;                                    &lt;path stroke-linecap=&#34;round&#34; stroke-linejoin=&#34;round&#34; stroke-width=&#34;2&#34; d=&#34;M9 12l2 2 4-4m6 2a9 9 0 11-18 0 9 9 0 0118 0z&#34;/&gt;&#xA;                                &lt;/svg&gt;&#xA;                            &lt;/div&gt;&#xA;                            &lt;div class=&#34;absolute -top-2 -right-2 w-6 h-6 bg-yellow-400 rounded-full flex items-center justify-center text-xs font-bold text-gray-900&#34;&gt;1&lt;/div&gt;&#xA;                        &lt;/div&gt;&#xA;                        &lt;div class=&#34;mt-6 text-center&#34;&gt;&#xA;                            &lt;h3 class=&#34;text-xl font-bold text-gray-900 mb-2&#34;&gt;Discovery &amp; Analyse&lt;/h3&gt;&#xA;                            &lt;p class=&#34;text-gray-600 text-sm mb-4&#34;&gt;Diepgaande analyse van uw huidige processen en AI-potentieel&lt;/p&gt;</description>
    </item>
    <item>
      <title>Vacatures</title>
      <link>https://www.deductive.nl/vacatures/</link>
      <pubDate>Mon, 01 Jan 0001 00:00:00 +0000</pubDate>
      <guid>https://www.deductive.nl/vacatures/</guid>
      <description>&lt;h1 id=&#34;momenteel-geen-openstaande-vacatures&#34;&gt;Momenteel geen openstaande vacatures&lt;/h1&gt;&#xA;&lt;p&gt;&lt;strong&gt;Dank je voor je interesse in Deductive!&lt;/strong&gt;&lt;/p&gt;&#xA;&lt;p&gt;We zijn momenteel niet actief op zoek naar nieuwe teamleden. Ons team is compleet voor de huidige projecten en we focussen ons op het leveren van de beste AI-oplossingen aan onze klanten.&lt;/p&gt;&#xA;&lt;h2 id=&#34;blijf-op-de-hoogte&#34;&gt;Blijf op de hoogte&lt;/h2&gt;&#xA;&lt;p&gt;Hoewel we nu geen openstaande posities hebben, groeit Deductive snel en dit kan in de toekomst veranderen.&lt;/p&gt;&#xA;&lt;h3 id=&#34;interesse-in-de-toekomst&#34;&gt;Interesse in de toekomst?&lt;/h3&gt;&#xA;&lt;p&gt;Als je gepassioneerd bent over AI-technologie en interesse hebt om in de toekomst mogelijk bij ons te werken, kun je:&lt;/p&gt;</description>
    </item>
  </channel>
</rss>
