<?xml version="1.0" encoding="utf-8" standalone="yes"?>
<rss version="2.0" xmlns:atom="http://www.w3.org/2005/Atom">
  <channel>
    <title>Support on Deductive</title>
    <link>http://localhost:1313/tags/support/</link>
    <description>Recent content in Support on Deductive</description>
    <generator>Hugo</generator>
    <language>nl-NL</language>
    <lastBuildDate>Sat, 11 Jan 2025 00:00:00 +0000</lastBuildDate>
    <atom:link href="http://localhost:1313/tags/support/index.xml" rel="self" type="application/rss+xml" />
    <item>
      <title>Waarom Deductive Discord Gebruikt als Klantencommunicatie Hub</title>
      <link>http://localhost:1313/blog/waarom-discord-voor-klantenservice/</link>
      <pubDate>Sat, 11 Jan 2025 00:00:00 +0000</pubDate>
      <guid>http://localhost:1313/blog/waarom-discord-voor-klantenservice/</guid>
      <description>&lt;h1 id=&#34;waarom-discord-de-moderne-klantencommunicatie-van-deductive&#34;&gt;Waarom Discord? De Moderne Klantencommunicatie van Deductive&lt;/h1&gt;&#xA;&lt;p&gt;In de wereld van AI-oplossingen beweegt alles snel. Onze klanten hebben vragen, willen snel antwoorden, en zoeken een gemeenschap waar ze kunnen leren van elkaar. Daarom hebben wij bij Deductive gekozen voor Discord als onze centrale klantencommunicatie hub. Hier leggen we uit waarom deze keuze zo logisch is.&lt;/p&gt;&#xA;&lt;h2 id=&#34;de-uitdaging-van-traditionele-klantenservice&#34;&gt;De Uitdaging van Traditionele Klantenservice&lt;/h2&gt;&#xA;&lt;p&gt;Traditionele klantenservice werkt via email, telefoon, of ticketsystemen. Deze methoden hebben echter significante beperkingen:&lt;/p&gt;</description>
    </item>
  </channel>
</rss>
