<?xml version="1.0" encoding="utf-8" standalone="yes"?><rss version="2.0" xmlns:atom="http://www.w3.org/2005/Atom"><channel><title>Tags on Deductive</title><link>https://www.deductive.nl/tags/</link><description>Recent content in Tags on Deductive</description><generator>Hugo</generator><language>nl-NL</language><lastBuildDate>Sat, 11 Jan 2025 00:00:00 +0000</lastBuildDate><atom:link href="https://www.deductive.nl/tags/index.xml" rel="self" type="application/rss+xml"/><item><title>AI</title><link>https://www.deductive.nl/tags/ai/</link><pubDate>Sat, 11 Jan 2025 00:00:00 +0000</pubDate><guid>https://www.deductive.nl/tags/ai/</guid><description/></item><item><title>Communicatie</title><link>https://www.deductive.nl/tags/communicatie/</link><pubDate>Sat, 11 Jan 2025 00:00:00 +0000</pubDate><guid>https://www.deductive.nl/tags/communicatie/</guid><description/></item><item><title>Discord</title><link>https://www.deductive.nl/tags/discord/</link><pubDate>Sat, 11 Jan 2025 00:00:00 +0000</pubDate><guid>https://www.deductive.nl/tags/discord/</guid><description/></item><item><title>Klantenservice</title><link>https://www.deductive.nl/tags/klantenservice/</link><pubDate>Sat, 11 Jan 2025 00:00:00 +0000</pubDate><guid>https://www.deductive.nl/tags/klantenservice/</guid><description/></item><item><title>Support</title><link>https://www.deductive.nl/tags/support/</link><pubDate>Sat, 11 Jan 2025 00:00:00 +0000</pubDate><guid>https://www.deductive.nl/tags/support/</guid><description/></item><item><title>Ai-Trends</title><link>https://www.deductive.nl/tags/ai-trends/</link><pubDate>Mon, 05 Feb 2024 00:00:00 +0000</pubDate><guid>https://www.deductive.nl/tags/ai-trends/</guid><description/></item><item><title>Digitalisering</title><link>https://www.deductive.nl/tags/digitalisering/</link><pubDate>Mon, 05 Feb 2024 00:00:00 +0000</pubDate><guid>https://www.deductive.nl/tags/digitalisering/</guid><description/></item><item><title>Innovatie</title><link>https://www.deductive.nl/tags/innovatie/</link><pubDate>Mon, 05 Feb 2024 00:00:00 +0000</pubDate><guid>https://www.deductive.nl/tags/innovatie/</guid><description/></item><item><title>Nederlandse-Bedrijven</title><link>https://www.deductive.nl/tags/nederlandse-bedrijven/</link><pubDate>Mon, 05 Feb 2024 00:00:00 +0000</pubDate><guid>https://www.deductive.nl/tags/nederlandse-bedrijven/</guid><description/></item><item><title>Toekomst</title><link>https://www.deductive.nl/tags/toekomst/</link><pubDate>Mon, 05 Feb 2024 00:00:00 +0000</pubDate><guid>https://www.deductive.nl/tags/toekomst/</guid><description/></item><item><title>Ai-Implementatie</title><link>https://www.deductive.nl/tags/ai-implementatie/</link><pubDate>Thu, 01 Feb 2024 00:00:00 +0000</pubDate><guid>https://www.deductive.nl/tags/ai-implementatie/</guid><description/></item><item><title>Bedrijfsstrategie</title><link>https://www.deductive.nl/tags/bedrijfsstrategie/</link><pubDate>Thu, 01 Feb 2024 00:00:00 +0000</pubDate><guid>https://www.deductive.nl/tags/bedrijfsstrategie/</guid><description/></item><item><title>Change-Management</title><link>https://www.deductive.nl/tags/change-management/</link><pubDate>Thu, 01 Feb 2024 00:00:00 +0000</pubDate><guid>https://www.deductive.nl/tags/change-management/</guid><description/></item><item><title>Digitale-Transformatie</title><link>https://www.deductive.nl/tags/digitale-transformatie/</link><pubDate>Thu, 01 Feb 2024 00:00:00 +0000</pubDate><guid>https://www.deductive.nl/tags/digitale-transformatie/</guid><description/></item><item><title>Ai-Verkoop</title><link>https://www.deductive.nl/tags/ai-verkoop/</link><pubDate>Thu, 25 Jan 2024 00:00:00 +0000</pubDate><guid>https://www.deductive.nl/tags/ai-verkoop/</guid><description/></item><item><title>Conversieoptimalisatie</title><link>https://www.deductive.nl/tags/conversieoptimalisatie/</link><pubDate>Thu, 25 Jan 2024 00:00:00 +0000</pubDate><guid>https://www.deductive.nl/tags/conversieoptimalisatie/</guid><description/></item><item><title>Offertetool</title><link>https://www.deductive.nl/tags/offertetool/</link><pubDate>Thu, 25 Jan 2024 00:00:00 +0000</pubDate><guid>https://www.deductive.nl/tags/offertetool/</guid><description/></item><item><title>Verkoopautomatisering</title><link>https://www.deductive.nl/tags/verkoopautomatisering/</link><pubDate>Thu, 25 Jan 2024 00:00:00 +0000</pubDate><guid>https://www.deductive.nl/tags/verkoopautomatisering/</guid><description/></item><item><title>Ai-Chatbots</title><link>https://www.deductive.nl/tags/ai-chatbots/</link><pubDate>Sat, 20 Jan 2024 00:00:00 +0000</pubDate><guid>https://www.deductive.nl/tags/ai-chatbots/</guid><description/></item><item><title>Automatisering</title><link>https://www.deductive.nl/tags/automatisering/</link><pubDate>Sat, 20 Jan 2024 00:00:00 +0000</pubDate><guid>https://www.deductive.nl/tags/automatisering/</guid><description/></item><item><title>Klantervaring</title><link>https://www.deductive.nl/tags/klantervaring/</link><pubDate>Sat, 20 Jan 2024 00:00:00 +0000</pubDate><guid>https://www.deductive.nl/tags/klantervaring/</guid><description/></item><item><title>Ai-Agents</title><link>https://www.deductive.nl/tags/ai-agents/</link><pubDate>Mon, 15 Jan 2024 00:00:00 +0000</pubDate><guid>https://www.deductive.nl/tags/ai-agents/</guid><description/></item><item><title>Bedrijfsprocessen</title><link>https://www.deductive.nl/tags/bedrijfsprocessen/</link><pubDate>Mon, 15 Jan 2024 00:00:00 +0000</pubDate><guid>https://www.deductive.nl/tags/bedrijfsprocessen/</guid><description/></item><item><title>Kunstmatige-Intelligentie</title><link>https://www.deductive.nl/tags/kunstmatige-intelligentie/</link><pubDate>Mon, 15 Jan 2024 00:00:00 +0000</pubDate><guid>https://www.deductive.nl/tags/kunstmatige-intelligentie/</guid><description/></item></channel></rss>