<?xml version="1.0" encoding="utf-8" standalone="yes"?>
<rss version="2.0" xmlns:atom="http://www.w3.org/2005/Atom">
  <channel>
    <title>Features on Deductive</title>
    <link>https://www.deductive.nl/features/</link>
    <description>Recent content in Features on Deductive</description>
    <generator>Hugo</generator>
    <language>nl-NL</language>
    <atom:link href="https://www.deductive.nl/features/index.xml" rel="self" type="application/rss+xml" />
    <item>
      <title>Beautiful Design System</title>
      <link>https://www.deductive.nl/features/design-system/</link>
      <pubDate>Mon, 01 Jan 0001 00:00:00 +0000</pubDate>
      <guid>https://www.deductive.nl/features/design-system/</guid>
      <description>&lt;h2 id=&#34;comprehensive-design-system&#34;&gt;Comprehensive Design System&lt;/h2&gt;&#xA;&lt;p&gt;Our theme includes a complete design system that makes it easy to create beautiful, consistent interfaces. Built on TailwindCSS, it provides the flexibility to customize every aspect of your design while maintaining a professional look.&lt;/p&gt;&#xA;&lt;h3 id=&#34;design-components&#34;&gt;Design Components&lt;/h3&gt;&#xA;&lt;h4 id=&#34;core-elements&#34;&gt;Core Elements&lt;/h4&gt;&#xA;&lt;ul&gt;&#xA;&lt;li&gt;Typography system with perfect vertical rhythm&lt;/li&gt;&#xA;&lt;li&gt;Color palette with semantic variables&lt;/li&gt;&#xA;&lt;li&gt;Spacing and sizing scales&lt;/li&gt;&#xA;&lt;li&gt;Grid and layout systems&lt;/li&gt;&#xA;&lt;/ul&gt;&#xA;&lt;h4 id=&#34;ui-components&#34;&gt;UI Components&lt;/h4&gt;&#xA;&lt;ul&gt;&#xA;&lt;li&gt;Navigation components (headers, footers, menus)&lt;/li&gt;&#xA;&lt;li&gt;Hero sections and feature displays&lt;/li&gt;&#xA;&lt;li&gt;Cards and content containers&lt;/li&gt;&#xA;&lt;li&gt;Forms and input elements&lt;/li&gt;&#xA;&lt;li&gt;Buttons and CTAs&lt;/li&gt;&#xA;&lt;li&gt;Pricing tables&lt;/li&gt;&#xA;&lt;li&gt;Testimonial displays&lt;/li&gt;&#xA;&lt;li&gt;Team member profiles&lt;/li&gt;&#xA;&lt;/ul&gt;&#xA;&lt;h4 id=&#34;design-features&#34;&gt;Design Features&lt;/h4&gt;&#xA;&lt;h5 id=&#34;customization&#34;&gt;Customization&lt;/h5&gt;&#xA;&lt;ul&gt;&#xA;&lt;li&gt;Easy theme customization through TailwindCSS&lt;/li&gt;&#xA;&lt;li&gt;Brand color management&lt;/li&gt;&#xA;&lt;li&gt;Typography customization&lt;/li&gt;&#xA;&lt;li&gt;Spacing system adjustment&lt;/li&gt;&#xA;&lt;li&gt;Component variants&lt;/li&gt;&#xA;&lt;/ul&gt;&#xA;&lt;h5 id=&#34;accessibility&#34;&gt;Accessibility&lt;/h5&gt;&#xA;&lt;ul&gt;&#xA;&lt;li&gt;WCAG 2.1 compliant components&lt;/li&gt;&#xA;&lt;li&gt;Proper ARIA attributes&lt;/li&gt;&#xA;&lt;li&gt;Keyboard navigation support&lt;/li&gt;&#xA;&lt;li&gt;High contrast mode support&lt;/li&gt;&#xA;&lt;li&gt;Screen reader optimized&lt;/li&gt;&#xA;&lt;/ul&gt;&#xA;&lt;h5 id=&#34;responsive-design&#34;&gt;Responsive Design&lt;/h5&gt;&#xA;&lt;ul&gt;&#xA;&lt;li&gt;Mobile-first approach&lt;/li&gt;&#xA;&lt;li&gt;Breakpoint system&lt;/li&gt;&#xA;&lt;li&gt;Fluid typography&lt;/li&gt;&#xA;&lt;li&gt;Adaptive layouts&lt;/li&gt;&#xA;&lt;li&gt;Touch-friendly interactions&lt;/li&gt;&#xA;&lt;/ul&gt;&#xA;&lt;p&gt;Our design system provides the perfect foundation for creating beautiful, accessible, and responsive websites that stand out from the crowd.&lt;/p&gt;</description>
    </item>
    <item>
      <title>Developer Experience</title>
      <link>https://www.deductive.nl/features/developer-experience/</link>
      <pubDate>Mon, 01 Jan 0001 00:00:00 +0000</pubDate>
      <guid>https://www.deductive.nl/features/developer-experience/</guid>
      <description>&lt;h2 id=&#34;built-for-developers&#34;&gt;Built for Developers&lt;/h2&gt;&#xA;&lt;p&gt;Our theme is designed with developers in mind, providing a clean, efficient workflow that makes building websites enjoyable and productive.&lt;/p&gt;&#xA;&lt;h3 id=&#34;development-features&#34;&gt;Development Features&lt;/h3&gt;&#xA;&lt;h4 id=&#34;project-structure&#34;&gt;Project Structure&lt;/h4&gt;&#xA;&lt;ul&gt;&#xA;&lt;li&gt;Logical directory organization&lt;/li&gt;&#xA;&lt;li&gt;Clear separation of concerns&lt;/li&gt;&#xA;&lt;li&gt;Modular component architecture&lt;/li&gt;&#xA;&lt;li&gt;Consistent naming conventions&lt;/li&gt;&#xA;&lt;/ul&gt;&#xA;&lt;h4 id=&#34;development-workflow&#34;&gt;Development Workflow&lt;/h4&gt;&#xA;&lt;ul&gt;&#xA;&lt;li&gt;Fast hot reload development server&lt;/li&gt;&#xA;&lt;li&gt;Automatic asset processing&lt;/li&gt;&#xA;&lt;li&gt;Source maps for debugging&lt;/li&gt;&#xA;&lt;li&gt;Build process optimization&lt;/li&gt;&#xA;&lt;/ul&gt;&#xA;&lt;h4 id=&#34;component-system&#34;&gt;Component System&lt;/h4&gt;&#xA;&lt;h5 id=&#34;shortcodes&#34;&gt;Shortcodes&lt;/h5&gt;&#xA;&lt;ul&gt;&#xA;&lt;li&gt;Rich set of pre-built shortcodes&lt;/li&gt;&#xA;&lt;li&gt;Easy to create custom shortcodes&lt;/li&gt;&#xA;&lt;li&gt;Documentation for each shortcode&lt;/li&gt;&#xA;&lt;li&gt;Example implementations&lt;/li&gt;&#xA;&lt;/ul&gt;&#xA;&lt;h5 id=&#34;partials&#34;&gt;Partials&lt;/h5&gt;&#xA;&lt;ul&gt;&#xA;&lt;li&gt;Reusable partial templates&lt;/li&gt;&#xA;&lt;li&gt;Context-aware components&lt;/li&gt;&#xA;&lt;li&gt;Easy to extend and modify&lt;/li&gt;&#xA;&lt;li&gt;Clear documentation&lt;/li&gt;&#xA;&lt;/ul&gt;&#xA;&lt;h4 id=&#34;customization&#34;&gt;Customization&lt;/h4&gt;&#xA;&lt;h5 id=&#34;configuration&#34;&gt;Configuration&lt;/h5&gt;&#xA;&lt;ul&gt;&#xA;&lt;li&gt;Central configuration file&lt;/li&gt;&#xA;&lt;li&gt;Environment variables support&lt;/li&gt;&#xA;&lt;li&gt;Feature flags&lt;/li&gt;&#xA;&lt;li&gt;Easy theme customization&lt;/li&gt;&#xA;&lt;/ul&gt;&#xA;&lt;h5 id=&#34;styling&#34;&gt;Styling&lt;/h5&gt;&#xA;&lt;ul&gt;&#xA;&lt;li&gt;TailwindCSS integration&lt;/li&gt;&#xA;&lt;li&gt;PostCSS processing&lt;/li&gt;&#xA;&lt;li&gt;Custom CSS support&lt;/li&gt;&#xA;&lt;li&gt;Design token system&lt;/li&gt;&#xA;&lt;/ul&gt;&#xA;&lt;h4 id=&#34;documentation&#34;&gt;Documentation&lt;/h4&gt;&#xA;&lt;ul&gt;&#xA;&lt;li&gt;Getting started guide&lt;/li&gt;&#xA;&lt;li&gt;Component documentation&lt;/li&gt;&#xA;&lt;li&gt;Configuration reference&lt;/li&gt;&#xA;&lt;li&gt;Best practices&lt;/li&gt;&#xA;&lt;li&gt;Troubleshooting guide&lt;/li&gt;&#xA;&lt;li&gt;Deployment instructions&lt;/li&gt;&#xA;&lt;/ul&gt;&#xA;&lt;p&gt;Our developer experience focuses on making it easy to build, customize, and maintain your website while following best practices and maintaining clean, efficient code.&lt;/p&gt;</description>
    </item>
    <item>
      <title>Lightning-Fast Performance</title>
      <link>https://www.deductive.nl/features/performance/</link>
      <pubDate>Mon, 01 Jan 0001 00:00:00 +0000</pubDate>
      <guid>https://www.deductive.nl/features/performance/</guid>
      <description>&lt;h2 id=&#34;built-for-speed&#34;&gt;Built for Speed&lt;/h2&gt;&#xA;&lt;p&gt;Our theme is engineered from the ground up with performance in mind. By leveraging Hugo&amp;rsquo;s powerful static site generation and combining it with modern optimization techniques, we deliver websites that load instantly and run smoothly.&lt;/p&gt;&#xA;&lt;h3 id=&#34;performance-metrics&#34;&gt;Performance Metrics&lt;/h3&gt;&#xA;&lt;ul&gt;&#xA;&lt;li&gt;&lt;strong&gt;Build Time&lt;/strong&gt;: Less than 1 second for most sites&lt;/li&gt;&#xA;&lt;li&gt;&lt;strong&gt;Page Load Time&lt;/strong&gt;: Under 500ms first contentful paint&lt;/li&gt;&#xA;&lt;li&gt;&lt;strong&gt;Time to Interactive&lt;/strong&gt;: Under 1.5 seconds&lt;/li&gt;&#xA;&lt;li&gt;&lt;strong&gt;Google Lighthouse Score&lt;/strong&gt;: 95+ on all metrics&lt;/li&gt;&#xA;&lt;/ul&gt;&#xA;&lt;h3 id=&#34;optimization-features&#34;&gt;Optimization Features&lt;/h3&gt;&#xA;&lt;h4 id=&#34;asset-optimization&#34;&gt;Asset Optimization&lt;/h4&gt;&#xA;&lt;ul&gt;&#xA;&lt;li&gt;Automatic image optimization and WebP conversion&lt;/li&gt;&#xA;&lt;li&gt;CSS minification and purging of unused styles&lt;/li&gt;&#xA;&lt;li&gt;JavaScript bundling and tree-shaking&lt;/li&gt;&#xA;&lt;li&gt;Lazy loading of images and components&lt;/li&gt;&#xA;&lt;/ul&gt;&#xA;&lt;h4 id=&#34;caching-strategy&#34;&gt;Caching Strategy&lt;/h4&gt;&#xA;&lt;ul&gt;&#xA;&lt;li&gt;Efficient browser caching with proper headers&lt;/li&gt;&#xA;&lt;li&gt;Static asset fingerprinting&lt;/li&gt;&#xA;&lt;li&gt;Pre-rendered HTML for instant loads&lt;/li&gt;&#xA;&lt;li&gt;Service worker for offline capabilities&lt;/li&gt;&#xA;&lt;/ul&gt;&#xA;&lt;h4 id=&#34;cdn-integration&#34;&gt;CDN Integration&lt;/h4&gt;&#xA;&lt;ul&gt;&#xA;&lt;li&gt;Built for global distribution&lt;/li&gt;&#xA;&lt;li&gt;Edge caching ready&lt;/li&gt;&#xA;&lt;li&gt;Automatic cache invalidation&lt;/li&gt;&#xA;&lt;li&gt;Geographic redundancy&lt;/li&gt;&#xA;&lt;/ul&gt;&#xA;&lt;p&gt;Our performance-first approach ensures your website not only looks great but delivers an exceptional user experience through blazing-fast load times and smooth interactions.&lt;/p&gt;</description>
    </item>
  </channel>
</rss>
