<?xml version="1.0" encoding="utf-8" standalone="yes"?><rss version="2.0" xmlns:atom="http://www.w3.org/2005/Atom"><channel><title>Categories on Deductive</title><link>https://www.deductive.nl/categories/</link><description>Recent content in Categories on Deductive</description><generator>Hugo</generator><language>nl-NL</language><lastBuildDate>Mon, 05 Feb 2024 00:00:00 +0000</lastBuildDate><atom:link href="https://www.deductive.nl/categories/index.xml" rel="self" type="application/rss+xml"/><item><title>AI-Trends</title><link>https://www.deductive.nl/categories/ai-trends/</link><pubDate>Mon, 05 Feb 2024 00:00:00 +0000</pubDate><guid>https://www.deductive.nl/categories/ai-trends/</guid><description/></item><item><title>AI-Implementatie</title><link>https://www.deductive.nl/categories/ai-implementatie/</link><pubDate>Thu, 01 Feb 2024 00:00:00 +0000</pubDate><guid>https://www.deductive.nl/categories/ai-implementatie/</guid><description/></item><item><title>Verkoop</title><link>https://www.deductive.nl/categories/verkoop/</link><pubDate>Thu, 25 Jan 2024 00:00:00 +0000</pubDate><guid>https://www.deductive.nl/categories/verkoop/</guid><description/></item><item><title>Klantenservice</title><link>https://www.deductive.nl/categories/klantenservice/</link><pubDate>Sat, 20 Jan 2024 00:00:00 +0000</pubDate><guid>https://www.deductive.nl/categories/klantenservice/</guid><description/></item><item><title>AI-Technologie</title><link>https://www.deductive.nl/categories/ai-technologie/</link><pubDate>Mon, 15 Jan 2024 00:00:00 +0000</pubDate><guid>https://www.deductive.nl/categories/ai-technologie/</guid><description/></item></channel></rss>