<?xml version="1.0" encoding="utf-8" standalone="yes"?><rss version="2.0" xmlns:atom="http://www.w3.org/2005/Atom"><channel><title>Conversieoptimalisatie on Deductive</title><link>https://www.deductive.nl/tags/conversieoptimalisatie/</link><description>Recent content in Conversieoptimalisatie on Deductive</description><generator>Hugo</generator><language>nl-NL</language><lastBuildDate>Thu, 25 Jan 2024 00:00:00 +0000</lastBuildDate><atom:link href="https://www.deductive.nl/tags/conversieoptimalisatie/index.xml" rel="self" type="application/rss+xml"/><item><title>Hoe een intelligente offertetool uw verkoopefficiëntie verhoogt</title><link>https://www.deductive.nl/blog/offertetool-verhoogt-verkoopeffici%C3%ABntie/</link><pubDate>Thu, 25 Jan 2024 00:00:00 +0000</pubDate><guid>https://www.deductive.nl/blog/offertetool-verhoogt-verkoopeffici%C3%ABntie/</guid><description>&lt;div class="bg-gray-50 p-6 rounded-lg mb-8">
 &lt;h2 class="text-xl font-semibold mb-4">Table of Contents&lt;/h2>
 &lt;nav id="TableOfContents">
 &lt;ul>
 &lt;li>&lt;a href="#de-uitdaging-van-moderne-offertes">De uitdaging van moderne offertes&lt;/a>&lt;/li>
 &lt;li>&lt;a href="#wat-is-een-intelligente-offertetool">Wat is een Intelligente Offertetool?&lt;/a>
 &lt;ul>
 &lt;li>&lt;a href="#analyseert-automatisch">Analyseert Automatisch&lt;/a>&lt;/li>
 &lt;li>&lt;a href="#berekent-intelligent">Berekent Intelligent&lt;/a>&lt;/li>
 &lt;li>&lt;a href="#personaliseert-effectief">Personaliseert Effectief&lt;/a>&lt;/li>
 &lt;/ul>
 &lt;/li>
 &lt;li>&lt;a href="#voordelen-voor-uw-bedrijf">Voordelen voor Uw Bedrijf&lt;/a>
 &lt;ul>
 &lt;li>&lt;a href="#1-dramatisch-snellere-offertes">1. Dramatisch Snellere Offertes&lt;/a>&lt;/li>
 &lt;li>&lt;a href="#2-hogere-conversiepercentages">2. Hogere Conversiepercentages&lt;/a>&lt;/li>
 &lt;li>&lt;a href="#3-verbeterde-winstmarges">3. Verbeterde Winstmarges&lt;/a>&lt;/li>
 &lt;li>&lt;a href="#4-consistente-kwaliteit">4. Consistente Kwaliteit&lt;/a>&lt;/li>
 &lt;/ul>
 &lt;/li>
 &lt;li>&lt;a href="#implementatie-proces">Implementatie Proces&lt;/a>
 &lt;ul>
 &lt;li>&lt;a href="#fase-1-analyse--setup">Fase 1: Analyse &amp;amp; Setup&lt;/a>&lt;/li>
 &lt;li>&lt;a href="#fase-2-configuratie">Fase 2: Configuratie&lt;/a>&lt;/li>
 &lt;li>&lt;a href="#fase-3-testing--optimalisatie">Fase 3: Testing &amp;amp; Optimalisatie&lt;/a>&lt;/li>
 &lt;/ul>
 &lt;/li>
 &lt;li>&lt;a href="#technische-innovaties">Technische Innovaties&lt;/a>
 &lt;ul>
 &lt;li>&lt;a href="#ai-algoritmen">AI-Algoritmen&lt;/a>&lt;/li>
 &lt;li>&lt;a href="#integraties">Integraties&lt;/a>&lt;/li>
 &lt;/ul>
 &lt;/li>
 &lt;li>&lt;a href="#roi-en-resultaten">ROI en Resultaten&lt;/a>
 &lt;ul>
 &lt;li>&lt;a href="#gemiddelde-resultaten">Gemiddelde Resultaten&lt;/a>&lt;/li>
 &lt;li>&lt;a href="#case-study-techsolutions-bv">Case Study: TechSolutions BV&lt;/a>&lt;/li>
 &lt;/ul>
 &lt;/li>
 &lt;li>&lt;a href="#toekomst-van-offerte-automatisering">Toekomst van Offerte-Automatisering&lt;/a>
 &lt;ul>
 &lt;li>&lt;a href="#nieuwe-ontwikkelingen">Nieuwe Ontwikkelingen&lt;/a>&lt;/li>
 &lt;li>&lt;a href="#verwachtingen-2024-2025">Verwachtingen 2024-2025&lt;/a>&lt;/li>
 &lt;/ul>
 &lt;/li>
 &lt;li>&lt;a href="#conclusie">Conclusie&lt;/a>&lt;/li>
 &lt;li>&lt;a href="#bronnen-en-referenties">Bronnen en Referenties&lt;/a>&lt;/li>
 &lt;li>&lt;a href="#volgende-stappen">Volgende Stappen&lt;/a>&lt;/li>
 &lt;/ul>
&lt;/nav>
&lt;/div>

&lt;h2 id="de-uitdaging-van-moderne-offertes">De uitdaging van moderne offertes&lt;/h2>
&lt;p>Het maken van offertes is een kritiek onderdeel van elk verkoopproces, maar vaak tijdrovend en foutgevoelig. Veel bedrijven worstelen met:&lt;/p></description></item></channel></rss>