<?xml version="1.0" encoding="utf-8" standalone="yes"?><rss version="2.0" xmlns:atom="http://www.w3.org/2005/Atom"><channel><title>Onze AI-oplossingen on Deductive</title><link>https://www.deductive.nl/oplossingen/</link><description>Recent content in Onze AI-oplossingen on Deductive</description><generator>Hugo</generator><language>nl-NL</language><atom:link href="https://www.deductive.nl/oplossingen/index.xml" rel="self" type="application/rss+xml"/><item><title>AI chatbot</title><link>https://www.deductive.nl/oplossingen/ai-chatbot/</link><pubDate>Mon, 01 Jan 0001 00:00:00 +0000</pubDate><guid>https://www.deductive.nl/oplossingen/ai-chatbot/</guid><description>&lt;!-- Hero Section -->
&lt;section class="relative min-h-screen flex items-center bg-gradient-to-br from-purple-50 via-blue-50 to-indigo-50 overflow-hidden">
&lt;div class="absolute inset-0 bg-circuit-pattern opacity-10">&lt;/div>
&lt;div class="absolute top-20 right-10 w-72 h-72 bg-gradient-to-br from-purple-400/20 to-blue-400/20 rounded-full blur-3xl animate-pulse">&lt;/div>
&lt;div class="absolute bottom-10 left-10 w-96 h-96 bg-gradient-to-tr from-indigo-400/20 to-cyan-400/20 rounded-full blur-3xl animate-pulse delay-1000">&lt;/div>
&lt;div class="container mx-auto px-4 sm:px-6 lg:px-8 max-w-7xl relative z-10">
&lt;div class="text-center mb-16">
&lt;!-- Trust Badge -->
&lt;div class="inline-flex items-center bg-white/80 backdrop-blur-sm rounded-full px-6 py-3 mb-8 shadow-lg border border-gray-100">
&lt;span class="w-3 h-3 bg-purple-500 rounded-full mr-3 animate-pulse">&lt;/span>
&lt;span class="text-gray-700 font-semibold text-sm">24/7 AI-ondersteuning voor 1000+ bedrijven&lt;/span>
&lt;/div>
&lt;!-- Main Headline -->
&lt;h1 class="text-4xl sm:text-5xl md:text-6xl lg:text-7xl font-bold text-gray-900 mb-6 leading-tight">
Intelligente 
&lt;span class="relative inline-block">
&lt;span class="text-transparent bg-clip-text bg-gradient-to-r from-purple-600 to-blue-600 animate-gradient">AI-chatbot&lt;/span>
&lt;div class="absolute -bottom-2 left-0 right-0 h-1 bg-gradient-to-r from-purple-600 to-blue-600 rounded-full animate-pulse">&lt;/div>
&lt;/span>
&lt;/h1>
&lt;!-- Subheadline -->
&lt;p class="text-lg sm:text-xl md:text-2xl text-gray-600 max-w-4xl mx-auto mb-8 leading-relaxed">
Moderne AI-chatbots gaan ver voorbij eenvoudige vraag-en-antwoord systemen. Onze geavanceerde natuurlijke taalverwerking en machine learning transformeren uw klantenservice met intelligente, contextbewuste gesprekken.
&lt;/p></description></item><item><title>AI-agents</title><link>https://www.deductive.nl/oplossingen/ai-agents/</link><pubDate>Mon, 01 Jan 0001 00:00:00 +0000</pubDate><guid>https://www.deductive.nl/oplossingen/ai-agents/</guid><description>&lt;!-- Hero Section -->
&lt;section class="relative min-h-screen flex items-center bg-gradient-to-br from-blue-50 via-cyan-50 to-sky-50 overflow-hidden">
&lt;!-- Background Pattern -->
&lt;div class="absolute inset-0 bg-chat-pattern opacity-5">&lt;/div>
&lt;!-- Animated Blobs -->
&lt;div class="absolute top-20 right-10 w-72 h-72 bg-gradient-to-br from-blue-400/20 to-cyan-400/20 rounded-full blur-3xl animate-pulse">&lt;/div>
&lt;div class="absolute bottom-10 left-10 w-96 h-96 bg-gradient-to-tr from-cyan-400/20 to-sky-400/20 rounded-full blur-3xl animate-pulse delay-1000">&lt;/div>
&lt;div class="container mx-auto px-4 sm:px-6 lg:px-8 max-w-7xl relative z-10">
&lt;div class="text-center mb-16">
&lt;!-- Trust Badge -->
&lt;div class="inline-flex items-center bg-white/80 backdrop-blur-sm rounded-full px-6 py-3 mb-8 shadow-lg border border-gray-100">
&lt;span class="w-3 h-3 bg-cyan-500 rounded-full mr-3 animate-pulse">&lt;/span>
&lt;span class="text-gray-700 font-semibold text-sm">Automatiseer complexe bedrijfsprocessen met AI&lt;/span>
&lt;/div>
&lt;!-- Main Headline -->
&lt;h1 class="text-4xl sm:text-5xl md:text-6xl lg:text-7xl font-bold text-gray-900 mb-6 leading-tight">
Autonome
&lt;span class="relative inline-block">
&lt;span class="text-transparent bg-clip-text bg-gradient-to-r from-blue-600 to-cyan-600 animate-gradient">AI-agents&lt;/span>
&lt;div class="absolute -bottom-2 left-0 right-0 h-1 bg-gradient-to-r from-blue-600 to-cyan-600 rounded-full animate-pulse">&lt;/div>
&lt;/span>
&lt;/h1>
&lt;p class="text-xl sm:text-2xl text-gray-600 mb-12 max-w-3xl mx-auto">
Transformeer uw bedrijfsprocessen met intelligente AI-agents die zelfstandig werken, beslissingen nemen en 24/7 operationeel zijn.
&lt;/p></description></item><item><title>Offertetool</title><link>https://www.deductive.nl/oplossingen/offertetool/</link><pubDate>Mon, 01 Jan 0001 00:00:00 +0000</pubDate><guid>https://www.deductive.nl/oplossingen/offertetool/</guid><description>&lt;!-- Interactive Hero Section -->
&lt;section class="relative min-h-screen flex items-center bg-gradient-to-br from-green-50 via-emerald-50 to-teal-50 overflow-hidden">
&lt;div class="absolute inset-0 bg-chat-pattern opacity-5">&lt;/div>
&lt;div class="absolute top-20 right-10 w-72 h-72 bg-gradient-to-br from-green-400/20 to-emerald-400/20 rounded-full blur-3xl animate-pulse">&lt;/div>
&lt;div class="absolute bottom-10 left-10 w-96 h-96 bg-gradient-to-tr from-teal-400/20 to-cyan-400/20 rounded-full blur-3xl animate-pulse delay-1000">&lt;/div>
&lt;div class="container mx-auto px-4 sm:px-6 lg:px-8 max-w-7xl relative z-10">
&lt;div class="text-center mb-16">
&lt;!-- Trust Badge -->
&lt;div class="inline-flex items-center bg-white/80 backdrop-blur-sm rounded-full px-6 py-3 mb-8 shadow-lg border border-gray-100">
&lt;span class="w-3 h-3 bg-green-500 rounded-full mr-3 animate-pulse">&lt;/span>
&lt;span class="text-gray-700 font-semibold text-sm">85% sneller offertes voor 500+ bedrijven&lt;/span>
&lt;/div>
&lt;!-- Main Headline -->
&lt;h1 class="text-4xl sm:text-5xl md:text-6xl lg:text-7xl font-bold text-gray-900 mb-6 leading-tight">
Chat-gebaseerde 
&lt;span class="relative inline-block">
&lt;span class="text-transparent bg-clip-text bg-gradient-to-r from-green-600 to-emerald-600 animate-gradient">Offertetool&lt;/span>
&lt;div class="absolute -bottom-2 left-0 right-0 h-1 bg-gradient-to-r from-green-600 to-emerald-600 rounded-full animate-pulse">&lt;/div>
&lt;/span>
&lt;/h1>
&lt;!-- Subheadline -->
&lt;p class="text-lg sm:text-xl md:text-2xl text-gray-600 max-w-4xl mx-auto mb-8 leading-relaxed">
Revolutioneer uw verkoopproces met een AI-agent die automatisch offertes genereert via natuurlijke gesprekken op WhatsApp, website of email.
&lt;/p></description></item></channel></rss>