<?xml version="1.0" encoding="utf-8" standalone="yes"?>
<rss version="2.0" xmlns:atom="http://www.w3.org/2005/Atom">
  <channel>
    <title>Home on Deductive</title>
    <link>https://www.deductive.nl/en/</link>
    <description>Recent content in Home on Deductive</description>
    <generator>Hugo</generator>
    <language>en-US</language>
    <atom:link href="https://www.deductive.nl/en/index.xml" rel="self" type="application/rss+xml" />
    <item>
      <title>About Us</title>
      <link>https://www.deductive.nl/en/company/</link>
      <pubDate>Mon, 01 Jan 0001 00:00:00 +0000</pubDate>
      <guid>https://www.deductive.nl/en/company/</guid>
      <description>&lt;section class=&#34;bg-gradient-to-br from-blue-50 via-indigo-50 to-purple-50 pt-20 pb-32&#34;&gt;&#xA;&lt;div class=&#34;container mx-auto px-4 sm:px-6 lg:px-8 max-w-7xl relative&#34;&gt;&#xA;&#xA;    &lt;div class=&#34;text-center&#34;&gt;&#xA;        &lt;h1 class=&#34;text-5xl md:text-6xl font-bold mb-6&#34;&gt;&#xA;            Where &lt;span class=&#34;text-transparent bg-clip-text bg-gradient-to-r from-blue-600 to-purple-600&#34;&gt;Logic&lt;/span&gt; &#xA;            Meets &lt;span class=&#34;text-transparent bg-clip-text bg-gradient-to-r from-purple-600 to-indigo-600&#34;&gt;Innovation&lt;/span&gt;&#xA;        &lt;/h1&gt;&#xA;        &lt;p class=&#34;text-xl md:text-2xl text-gray-600 max-w-4xl mx-auto leading-relaxed&#34;&gt;&#xA;            At Deductive, we believe in the power of intelligent automation. Our team develops AI solutions that think, learn, and grow with your business.&#xA;        &lt;/p&gt;&#xA;    &lt;/div&gt;&#xA;&#xA;&lt;/div&gt;&#xA;&lt;/section&gt;&#xA;&#xA;&lt;section class=&#34;py-20&#34;&gt;&#xA;&lt;div class=&#34;container mx-auto px-4 sm:px-6 lg:px-8 max-w-7xl relative&#34;&gt;&#xA;&#xA;    &lt;div class=&#34;max-w-4xl mx-auto text-center mb-16&#34;&gt;&#xA;        &lt;h2 class=&#34;text-4xl md:text-5xl font-bold text-gray-900 mb-6&#34;&gt;Our Mission&lt;/h2&gt;&#xA;        &lt;p class=&#34;text-xl text-gray-600 leading-relaxed&#34;&gt;&#xA;            We make artificial intelligence accessible and practical for businesses of all sizes. Our goal is to help organizations work smarter, not harder, through intelligent automation and AI-powered solutions.&#xA;        &lt;/p&gt;</description>
    </item>
    <item>
      <title>Contact</title>
      <link>https://www.deductive.nl/en/contact/</link>
      <pubDate>Mon, 01 Jan 0001 00:00:00 +0000</pubDate>
      <guid>https://www.deductive.nl/en/contact/</guid>
      <description></description>
    </item>
    <item>
      <title>Pricing</title>
      <link>https://www.deductive.nl/en/pricing/</link>
      <pubDate>Mon, 01 Jan 0001 00:00:00 +0000</pubDate>
      <guid>https://www.deductive.nl/en/pricing/</guid>
      <description>&lt;section class=&#34;bg-gradient-to-br from-blue-50 via-indigo-50 to-purple-50 pt-20 pb-32&#34;&gt;&#xA;&lt;div class=&#34;container mx-auto px-4 sm:px-6 lg:px-8 max-w-7xl relative&#34;&gt;&#xA;&#xA;    &lt;div class=&#34;text-center&#34;&gt;&#xA;        &lt;h1 class=&#34;text-5xl md:text-6xl font-bold mb-6&#34;&gt;&#xA;            Simple, &lt;span class=&#34;text-transparent bg-clip-text bg-gradient-to-r from-blue-600 to-purple-600&#34;&gt;Transparent&lt;/span&gt; Pricing&#xA;        &lt;/h1&gt;&#xA;        &lt;p class=&#34;text-xl md:text-2xl text-gray-600 max-w-4xl mx-auto leading-relaxed&#34;&gt;&#xA;            Choose the perfect AI solution for your business. No hidden fees, no surprises.&#xA;        &lt;/p&gt;&#xA;    &lt;/div&gt;&#xA;&#xA;&lt;/div&gt;&#xA;&lt;/section&gt;&#xA;&#xA;&lt;section class=&#34;py-20&#34;&gt;&#xA;&lt;div class=&#34;container mx-auto px-4 sm:px-6 lg:px-8 max-w-7xl relative&#34;&gt;&#xA;&#xA;    &lt;div class=&#34;max-w-6xl mx-auto&#34;&gt;&#xA;        &lt;div class=&#34;grid grid-cols-1 md:grid-cols-3 gap-8&#34;&gt;&#xA;            &lt;!-- Starter Package --&gt;&#xA;            &lt;div class=&#34;bg-white rounded-3xl p-8 shadow-lg hover:shadow-xl transition-all duration-300 border border-gray-100&#34;&gt;&#xA;                &lt;div class=&#34;text-center mb-8&#34;&gt;&#xA;                    &lt;h3 class=&#34;text-2xl font-bold text-gray-900 mb-4&#34;&gt;Starter&lt;/h3&gt;&#xA;                    &lt;div class=&#34;text-4xl font-bold text-blue-600 mb-2&#34;&gt;€499&lt;/div&gt;&#xA;                    &lt;div class=&#34;text-gray-600&#34;&gt;per month&lt;/div&gt;&#xA;                &lt;/div&gt;&#xA;                &lt;ul class=&#34;space-y-4 mb-8&#34;&gt;&#xA;                    &lt;li class=&#34;flex items-center&#34;&gt;&#xA;                        &lt;svg class=&#34;w-5 h-5 text-green-500 mr-3&#34; fill=&#34;currentColor&#34; viewBox=&#34;0 0 20 20&#34;&gt;&#xA;                            &lt;path fill-rule=&#34;evenodd&#34; d=&#34;M16.707 5.293a1 1 0 010 1.414l-8 8a1 1 0 01-1.414 0l-4-4a1 1 0 011.414-1.414L8 12.586l7.293-7.293a1 1 0 011.414 0z&#34; clip-rule=&#34;evenodd&#34;&gt;&lt;/path&gt;&#xA;                        &lt;/svg&gt;&#xA;                        Basic AI Chatbot&#xA;                    &lt;/li&gt;&#xA;                    &lt;li class=&#34;flex items-center&#34;&gt;&#xA;                        &lt;svg class=&#34;w-5 h-5 text-green-500 mr-3&#34; fill=&#34;currentColor&#34; viewBox=&#34;0 0 20 20&#34;&gt;&#xA;                            &lt;path fill-rule=&#34;evenodd&#34; d=&#34;M16.707 5.293a1 1 0 010 1.414l-8 8a1 1 0 01-1.414 0l-4-4a1 1 0 011.414-1.414L8 12.586l7.293-7.293a1 1 0 011.414 0z&#34; clip-rule=&#34;evenodd&#34;&gt;&lt;/path&gt;&#xA;                        &lt;/svg&gt;&#xA;                        Up to 1,000 conversations/month&#xA;                    &lt;/li&gt;&#xA;                    &lt;li class=&#34;flex items-center&#34;&gt;&#xA;                        &lt;svg class=&#34;w-5 h-5 text-green-500 mr-3&#34; fill=&#34;currentColor&#34; viewBox=&#34;0 0 20 20&#34;&gt;&#xA;                            &lt;path fill-rule=&#34;evenodd&#34; d=&#34;M16.707 5.293a1 1 0 010 1.414l-8 8a1 1 0 01-1.414 0l-4-4a1 1 0 011.414-1.414L8 12.586l7.293-7.293a1 1 0 011.414 0z&#34; clip-rule=&#34;evenodd&#34;&gt;&lt;/path&gt;&#xA;                        &lt;/svg&gt;&#xA;                        Email Support&#xA;                    &lt;/li&gt;&#xA;                &lt;/ul&gt;&#xA;                &lt;a href=&#34;https://www.deductive.nl/en/contact&#34; class=&#34;block w-full text-center bg-blue-600 text-white font-semibold py-3 px-6 rounded-xl hover:bg-blue-700 transition-colors duration-200&#34;&gt;&#xA;                    Get Started&#xA;                &lt;/a&gt;&#xA;            &lt;/div&gt;&#xA;&#xA;            &lt;!-- Professional Package --&gt;&#xA;            &lt;div class=&#34;bg-gradient-to-br from-blue-600 to-purple-600 rounded-3xl p-8 shadow-lg hover:shadow-xl transition-all duration-300 transform hover:scale-105 relative&#34;&gt;&#xA;                &lt;div class=&#34;absolute -top-4 left-1/2 transform -translate-x-1/2&#34;&gt;&#xA;                    &lt;span class=&#34;bg-orange-500 text-white px-4 py-2 rounded-full text-sm font-semibold&#34;&gt;Most Popular&lt;/span&gt;&#xA;                &lt;/div&gt;&#xA;                &lt;div class=&#34;text-center mb-8&#34;&gt;&#xA;                    &lt;h3 class=&#34;text-2xl font-bold text-white mb-4&#34;&gt;Professional&lt;/h3&gt;&#xA;                    &lt;div class=&#34;text-4xl font-bold text-white mb-2&#34;&gt;€1,499&lt;/div&gt;&#xA;                    &lt;div class=&#34;text-blue-100&#34;&gt;per month&lt;/div&gt;&#xA;                &lt;/div&gt;&#xA;                &lt;ul class=&#34;space-y-4 mb-8&#34;&gt;&#xA;                    &lt;li class=&#34;flex items-center&#34;&gt;&#xA;                        &lt;svg class=&#34;w-5 h-5 text-green-400 mr-3&#34; fill=&#34;currentColor&#34; viewBox=&#34;0 0 20 20&#34;&gt;&#xA;                            &lt;path fill-rule=&#34;evenodd&#34; d=&#34;M16.707 5.293a1 1 0 010 1.414l-8 8a1 1 0 01-1.414 0l-4-4a1 1 0 011.414-1.414L8 12.586l7.293-7.293a1 1 0 011.414 0z&#34; clip-rule=&#34;evenodd&#34;&gt;&lt;/path&gt;&#xA;                        &lt;/svg&gt;&#xA;                        &lt;span class=&#34;text-white&#34;&gt;Advanced AI Agent&lt;/span&gt;&#xA;                    &lt;/li&gt;&#xA;                    &lt;li class=&#34;flex items-center&#34;&gt;&#xA;                        &lt;svg class=&#34;w-5 h-5 text-green-400 mr-3&#34; fill=&#34;currentColor&#34; viewBox=&#34;0 0 20 20&#34;&gt;&#xA;                            &lt;path fill-rule=&#34;evenodd&#34; d=&#34;M16.707 5.293a1 1 0 010 1.414l-8 8a1 1 0 01-1.414 0l-4-4a1 1 0 011.414-1.414L8 12.586l7.293-7.293a1 1 0 011.414 0z&#34; clip-rule=&#34;evenodd&#34;&gt;&lt;/path&gt;&#xA;                        &lt;/svg&gt;&#xA;                        &lt;span class=&#34;text-white&#34;&gt;Up to 10,000 conversations/month&lt;/span&gt;&#xA;                    &lt;/li&gt;&#xA;                    &lt;li class=&#34;flex items-center&#34;&gt;&#xA;                        &lt;svg class=&#34;w-5 h-5 text-green-400 mr-3&#34; fill=&#34;currentColor&#34; viewBox=&#34;0 0 20 20&#34;&gt;&#xA;                            &lt;path fill-rule=&#34;evenodd&#34; d=&#34;M16.707 5.293a1 1 0 010 1.414l-8 8a1 1 0 01-1.414 0l-4-4a1 1 0 011.414-1.414L8 12.586l7.293-7.293a1 1 0 011.414 0z&#34; clip-rule=&#34;evenodd&#34;&gt;&lt;/path&gt;&#xA;                        &lt;/svg&gt;&#xA;                        &lt;span class=&#34;text-white&#34;&gt;Priority Support&lt;/span&gt;&#xA;                    &lt;/li&gt;&#xA;                    &lt;li class=&#34;flex items-center&#34;&gt;&#xA;                        &lt;svg class=&#34;w-5 h-5 text-green-400 mr-3&#34; fill=&#34;currentColor&#34; viewBox=&#34;0 0 20 20&#34;&gt;&#xA;                            &lt;path fill-rule=&#34;evenodd&#34; d=&#34;M16.707 5.293a1 1 0 010 1.414l-8 8a1 1 0 01-1.414 0l-4-4a1 1 0 011.414-1.414L8 12.586l7.293-7.293a1 1 0 011.414 0z&#34; clip-rule=&#34;evenodd&#34;&gt;&lt;/path&gt;&#xA;                        &lt;/svg&gt;&#xA;                        &lt;span class=&#34;text-white&#34;&gt;Custom Integrations&lt;/span&gt;&#xA;                    &lt;/li&gt;&#xA;                &lt;/ul&gt;&#xA;                &lt;a href=&#34;https://www.deductive.nl/en/contact&#34; class=&#34;block w-full text-center bg-white text-blue-600 font-semibold py-3 px-6 rounded-xl hover:bg-gray-50 transition-colors duration-200&#34;&gt;&#xA;                    Get Started&#xA;                &lt;/a&gt;&#xA;            &lt;/div&gt;&#xA;&#xA;            &lt;!-- Enterprise Package --&gt;&#xA;            &lt;div class=&#34;bg-white rounded-3xl p-8 shadow-lg hover:shadow-xl transition-all duration-300 border border-gray-100&#34;&gt;&#xA;                &lt;div class=&#34;text-center mb-8&#34;&gt;&#xA;                    &lt;h3 class=&#34;text-2xl font-bold text-gray-900 mb-4&#34;&gt;Enterprise&lt;/h3&gt;&#xA;                    &lt;div class=&#34;text-4xl font-bold text-purple-600 mb-2&#34;&gt;Custom&lt;/div&gt;&#xA;                    &lt;div class=&#34;text-gray-600&#34;&gt;pricing&lt;/div&gt;&#xA;                &lt;/div&gt;&#xA;                &lt;ul class=&#34;space-y-4 mb-8&#34;&gt;&#xA;                    &lt;li class=&#34;flex items-center&#34;&gt;&#xA;                        &lt;svg class=&#34;w-5 h-5 text-green-500 mr-3&#34; fill=&#34;currentColor&#34; viewBox=&#34;0 0 20 20&#34;&gt;&#xA;                            &lt;path fill-rule=&#34;evenodd&#34; d=&#34;M16.707 5.293a1 1 0 010 1.414l-8 8a1 1 0 01-1.414 0l-4-4a1 1 0 011.414-1.414L8 12.586l7.293-7.293a1 1 0 011.414 0z&#34; clip-rule=&#34;evenodd&#34;&gt;&lt;/path&gt;&#xA;                        &lt;/svg&gt;&#xA;                        Complete AI Solution&#xA;                    &lt;/li&gt;&#xA;                    &lt;li class=&#34;flex items-center&#34;&gt;&#xA;                        &lt;svg class=&#34;w-5 h-5 text-green-500 mr-3&#34; fill=&#34;currentColor&#34; viewBox=&#34;0 0 20 20&#34;&gt;&#xA;                            &lt;path fill-rule=&#34;evenodd&#34; d=&#34;M16.707 5.293a1 1 0 010 1.414l-8 8a1 1 0 01-1.414 0l-4-4a1 1 0 011.414-1.414L8 12.586l7.293-7.293a1 1 0 011.414 0z&#34; clip-rule=&#34;evenodd&#34;&gt;&lt;/path&gt;&#xA;                        &lt;/svg&gt;&#xA;                        Unlimited conversations&#xA;                    &lt;/li&gt;&#xA;                    &lt;li class=&#34;flex items-center&#34;&gt;&#xA;                        &lt;svg class=&#34;w-5 h-5 text-green-500 mr-3&#34; fill=&#34;currentColor&#34; viewBox=&#34;0 0 20 20&#34;&gt;&#xA;                            &lt;path fill-rule=&#34;evenodd&#34; d=&#34;M16.707 5.293a1 1 0 010 1.414l-8 8a1 1 0 01-1.414 0l-4-4a1 1 0 011.414-1.414L8 12.586l7.293-7.293a1 1 0 011.414 0z&#34; clip-rule=&#34;evenodd&#34;&gt;&lt;/path&gt;&#xA;                        &lt;/svg&gt;&#xA;                        Dedicated Support&#xA;                    &lt;/li&gt;&#xA;                    &lt;li class=&#34;flex items-center&#34;&gt;&#xA;                        &lt;svg class=&#34;w-5 h-5 text-green-500 mr-3&#34; fill=&#34;currentColor&#34; viewBox=&#34;0 0 20 20&#34;&gt;&#xA;                            &lt;path fill-rule=&#34;evenodd&#34; d=&#34;M16.707 5.293a1 1 0 010 1.414l-8 8a1 1 0 01-1.414 0l-4-4a1 1 0 011.414-1.414L8 12.586l7.293-7.293a1 1 0 011.414 0z&#34; clip-rule=&#34;evenodd&#34;&gt;&lt;/path&gt;&#xA;                        &lt;/svg&gt;&#xA;                        Custom Development&#xA;                    &lt;/li&gt;&#xA;                &lt;/ul&gt;&#xA;                &lt;a href=&#34;https://www.deductive.nl/en/contact&#34; class=&#34;block w-full text-center bg-purple-600 text-white font-semibold py-3 px-6 rounded-xl hover:bg-purple-700 transition-colors duration-200&#34;&gt;&#xA;                    Contact Us&#xA;                &lt;/a&gt;&#xA;            &lt;/div&gt;&#xA;        &lt;/div&gt;&#xA;    &lt;/div&gt;&#xA;&#xA;&lt;/div&gt;&#xA;&lt;/section&gt;</description>
    </item>
  </channel>
</rss>
