<?xml version="1.0" encoding="utf-8" standalone="yes"?><rss version="2.0" xmlns:atom="http://www.w3.org/2005/Atom"><channel><title>Kunstmatige-Intelligentie on Deductive</title><link>https://www.deductive.nl/tags/kunstmatige-intelligentie/</link><description>Recent content in Kunstmatige-Intelligentie on Deductive</description><generator>Hugo</generator><language>nl-NL</language><lastBuildDate>Mon, 15 Jan 2024 00:00:00 +0000</lastBuildDate><atom:link href="https://www.deductive.nl/tags/kunstmatige-intelligentie/index.xml" rel="self" type="application/rss+xml"/><item><title>AI-agents vs traditionele automatisering: Wat is het verschil?</title><link>https://www.deductive.nl/blog/getting-started-with-hugo/</link><pubDate>Mon, 15 Jan 2024 00:00:00 +0000</pubDate><guid>https://www.deductive.nl/blog/getting-started-with-hugo/</guid><description>&lt;div class="bg-gray-50 p-6 rounded-lg mb-8">
 &lt;h2 class="text-xl font-semibold mb-4">Table of Contents&lt;/h2>
 &lt;nav id="TableOfContents">
 &lt;ul>
 &lt;li>&lt;a href="#inleiding">Inleiding&lt;/a>&lt;/li>
 &lt;li>&lt;a href="#wat-zijn-ai-agents">Wat zijn AI-Agents?&lt;/a>&lt;/li>
 &lt;li>&lt;a href="#traditionele-automatisering-vs-ai-agents">Traditionele Automatisering vs AI-Agents&lt;/a>
 &lt;ul>
 &lt;li>&lt;a href="#traditionele-automatisering">Traditionele Automatisering&lt;/a>&lt;/li>
 &lt;li>&lt;a href="#ai-agents">AI-Agents&lt;/a>&lt;/li>
 &lt;/ul>
 &lt;/li>
 &lt;li>&lt;a href="#praktische-toepassingen">Praktische Toepassingen&lt;/a>
 &lt;ul>
 &lt;li>&lt;a href="#in-de-klantenservice">In de Klantenservice&lt;/a>&lt;/li>
 &lt;li>&lt;a href="#in-procesautomatisering">In Procesautomatisering&lt;/a>&lt;/li>
 &lt;li>&lt;a href="#in-data-analyse">In Data-Analyse&lt;/a>&lt;/li>
 &lt;/ul>
 &lt;/li>
 &lt;li>&lt;a href="#voordelen-van-ai-agents">Voordelen van AI-Agents&lt;/a>
 &lt;ul>
 &lt;li>&lt;a href="#voor-bedrijven">Voor Bedrijven&lt;/a>&lt;/li>
 &lt;li>&lt;a href="#voor-werknemers">Voor Werknemers&lt;/a>&lt;/li>
 &lt;/ul>
 &lt;/li>
 &lt;li>&lt;a href="#implementatie-strategie">Implementatie Strategie&lt;/a>
 &lt;ul>
 &lt;li>&lt;a href="#stap-1-analyse">Stap 1: Analyse&lt;/a>&lt;/li>
 &lt;li>&lt;a href="#stap-2-pilot-project">Stap 2: Pilot Project&lt;/a>&lt;/li>
 &lt;li>&lt;a href="#stap-3-uitbreiding">Stap 3: Uitbreiding&lt;/a>&lt;/li>
 &lt;/ul>
 &lt;/li>
 &lt;li>&lt;a href="#veelgestelde-vragen">Veelgestelde Vragen&lt;/a>
 &lt;ul>
 &lt;li>&lt;a href="#vervangen-ai-agents-werknemers">Vervangen AI-Agents Werknemers?&lt;/a>&lt;/li>
 &lt;li>&lt;a href="#zijn-ai-agents-veilig">Zijn AI-Agents Veilig?&lt;/a>&lt;/li>
 &lt;li>&lt;a href="#wat-zijn-de-kosten">Wat zijn de Kosten?&lt;/a>&lt;/li>
 &lt;/ul>
 &lt;/li>
 &lt;li>&lt;a href="#conclusie">Conclusie&lt;/a>&lt;/li>
 &lt;li>&lt;a href="#bronnen-en-referenties">Bronnen en Referenties&lt;/a>&lt;/li>
 &lt;/ul>
&lt;/nav>
&lt;/div>

&lt;h2 id="inleiding">Inleiding&lt;/h2>
&lt;p>De wereld van bedrijfsautomatisering staat op het punt van een revolutie. Waar traditionele automatisering decennialang de standaard was, introduceren AI-agents een volledig nieuwe manier van procesoptimalisatie.&lt;/p></description></item></channel></rss>