<?xml version="1.0" encoding="utf-8" standalone="yes"?><rss version="2.0" xmlns:atom="http://www.w3.org/2005/Atom"><channel><title>AI-Implementatie on Deductive</title><link>https://www.deductive.nl/categories/ai-implementatie/</link><description>Recent content in AI-Implementatie on Deductive</description><generator>Hugo</generator><language>nl-NL</language><lastBuildDate>Thu, 01 Feb 2024 00:00:00 +0000</lastBuildDate><atom:link href="https://www.deductive.nl/categories/ai-implementatie/index.xml" rel="self" type="application/rss+xml"/><item><title>Van Sceptisch CEO tot AI-Champion: Hoe TechnoVast hun Transformatie Doormaakte</title><link>https://www.deductive.nl/blog/ai-implementatie-stap-voor-stap/</link><pubDate>Thu, 01 Feb 2024 00:00:00 +0000</pubDate><guid>https://www.deductive.nl/blog/ai-implementatie-stap-voor-stap/</guid><description>&lt;h2 id="ai-is-gewoon-een-hype---wij-zijn-architecten-geen-techneuten">&amp;ldquo;AI is gewoon een hype - wij zijn architecten, geen techneuten&amp;rdquo;&lt;/h2>
&lt;p>Dat waren de woorden van Marcus van der Berg, CEO van TechnoVast, toen wij hem in maart 2023 voor het eerst ontmoetten. Zijn architectenbureau in Utrecht had 45 medewerkers en draaide goed - waarom zouden ze iets veranderen?&lt;/p>
&lt;p>Zes maanden later belde Marcus ons op een vrijdagmiddag: &amp;ldquo;Jullie hadden gelijk. Mijn grootste concurrent heeft net een groot project van ons afgepakt omdat zij in 2 dagen een offerte konden maken waar wij 2 weken voor nodig hadden. We moeten praten.&amp;rdquo;&lt;/p></description></item></channel></rss>