<?xml version="1.0" encoding="utf-8" standalone="yes"?><rss version="2.0" xmlns:atom="http://www.w3.org/2005/Atom"><channel><title>Features on Deductive</title><link>https://www.deductive.nl/features/</link><description>Recent content in Features on Deductive</description><generator>Hugo</generator><language>nl-NL</language><atom:link href="https://www.deductive.nl/features/index.xml" rel="self" type="application/rss+xml"/><item><title>Beautiful Design System</title><link>https://www.deductive.nl/features/design-system/</link><pubDate>Mon, 01 Jan 0001 00:00:00 +0000</pubDate><guid>https://www.deductive.nl/features/design-system/</guid><description>&lt;h2 id="comprehensive-design-system">Comprehensive Design System&lt;/h2>
&lt;p>Our theme includes a complete design system that makes it easy to create beautiful, consistent interfaces. Built on TailwindCSS, it provides the flexibility to customize every aspect of your design while maintaining a professional look.&lt;/p>
&lt;h3 id="design-components">Design Components&lt;/h3>
&lt;h4 id="core-elements">Core Elements&lt;/h4>
&lt;ul>
&lt;li>Typography system with perfect vertical rhythm&lt;/li>
&lt;li>Color palette with semantic variables&lt;/li>
&lt;li>Spacing and sizing scales&lt;/li>
&lt;li>Grid and layout systems&lt;/li>
&lt;/ul>
&lt;h4 id="ui-components">UI Components&lt;/h4>
&lt;ul>
&lt;li>Navigation components (headers, footers, menus)&lt;/li>
&lt;li>Hero sections and feature displays&lt;/li>
&lt;li>Cards and content containers&lt;/li>
&lt;li>Forms and input elements&lt;/li>
&lt;li>Buttons and CTAs&lt;/li>
&lt;li>Pricing tables&lt;/li>
&lt;li>Testimonial displays&lt;/li>
&lt;li>Team member profiles&lt;/li>
&lt;/ul>
&lt;h4 id="design-features">Design Features&lt;/h4>
&lt;h5 id="customization">Customization&lt;/h5>
&lt;ul>
&lt;li>Easy theme customization through TailwindCSS&lt;/li>
&lt;li>Brand color management&lt;/li>
&lt;li>Typography customization&lt;/li>
&lt;li>Spacing system adjustment&lt;/li>
&lt;li>Component variants&lt;/li>
&lt;/ul>
&lt;h5 id="accessibility">Accessibility&lt;/h5>
&lt;ul>
&lt;li>WCAG 2.1 compliant components&lt;/li>
&lt;li>Proper ARIA attributes&lt;/li>
&lt;li>Keyboard navigation support&lt;/li>
&lt;li>High contrast mode support&lt;/li>
&lt;li>Screen reader optimized&lt;/li>
&lt;/ul>
&lt;h5 id="responsive-design">Responsive Design&lt;/h5>
&lt;ul>
&lt;li>Mobile-first approach&lt;/li>
&lt;li>Breakpoint system&lt;/li>
&lt;li>Fluid typography&lt;/li>
&lt;li>Adaptive layouts&lt;/li>
&lt;li>Touch-friendly interactions&lt;/li>
&lt;/ul>
&lt;p>Our design system provides the perfect foundation for creating beautiful, accessible, and responsive websites that stand out from the crowd.&lt;/p></description></item><item><title>Developer Experience</title><link>https://www.deductive.nl/features/developer-experience/</link><pubDate>Mon, 01 Jan 0001 00:00:00 +0000</pubDate><guid>https://www.deductive.nl/features/developer-experience/</guid><description>&lt;h2 id="built-for-developers">Built for Developers&lt;/h2>
&lt;p>Our theme is designed with developers in mind, providing a clean, efficient workflow that makes building websites enjoyable and productive.&lt;/p>
&lt;h3 id="development-features">Development Features&lt;/h3>
&lt;h4 id="project-structure">Project Structure&lt;/h4>
&lt;ul>
&lt;li>Logical directory organization&lt;/li>
&lt;li>Clear separation of concerns&lt;/li>
&lt;li>Modular component architecture&lt;/li>
&lt;li>Consistent naming conventions&lt;/li>
&lt;/ul>
&lt;h4 id="development-workflow">Development Workflow&lt;/h4>
&lt;ul>
&lt;li>Fast hot reload development server&lt;/li>
&lt;li>Automatic asset processing&lt;/li>
&lt;li>Source maps for debugging&lt;/li>
&lt;li>Build process optimization&lt;/li>
&lt;/ul>
&lt;h4 id="component-system">Component System&lt;/h4>
&lt;h5 id="shortcodes">Shortcodes&lt;/h5>
&lt;ul>
&lt;li>Rich set of pre-built shortcodes&lt;/li>
&lt;li>Easy to create custom shortcodes&lt;/li>
&lt;li>Documentation for each shortcode&lt;/li>
&lt;li>Example implementations&lt;/li>
&lt;/ul>
&lt;h5 id="partials">Partials&lt;/h5>
&lt;ul>
&lt;li>Reusable partial templates&lt;/li>
&lt;li>Context-aware components&lt;/li>
&lt;li>Easy to extend and modify&lt;/li>
&lt;li>Clear documentation&lt;/li>
&lt;/ul>
&lt;h4 id="customization">Customization&lt;/h4>
&lt;h5 id="configuration">Configuration&lt;/h5>
&lt;ul>
&lt;li>Central configuration file&lt;/li>
&lt;li>Environment variables support&lt;/li>
&lt;li>Feature flags&lt;/li>
&lt;li>Easy theme customization&lt;/li>
&lt;/ul>
&lt;h5 id="styling">Styling&lt;/h5>
&lt;ul>
&lt;li>TailwindCSS integration&lt;/li>
&lt;li>PostCSS processing&lt;/li>
&lt;li>Custom CSS support&lt;/li>
&lt;li>Design token system&lt;/li>
&lt;/ul>
&lt;h4 id="documentation">Documentation&lt;/h4>
&lt;ul>
&lt;li>Getting started guide&lt;/li>
&lt;li>Component documentation&lt;/li>
&lt;li>Configuration reference&lt;/li>
&lt;li>Best practices&lt;/li>
&lt;li>Troubleshooting guide&lt;/li>
&lt;li>Deployment instructions&lt;/li>
&lt;/ul>
&lt;p>Our developer experience focuses on making it easy to build, customize, and maintain your website while following best practices and maintaining clean, efficient code.&lt;/p></description></item><item><title>Lightning-Fast Performance</title><link>https://www.deductive.nl/features/performance/</link><pubDate>Mon, 01 Jan 0001 00:00:00 +0000</pubDate><guid>https://www.deductive.nl/features/performance/</guid><description>&lt;h2 id="built-for-speed">Built for Speed&lt;/h2>
&lt;p>Our theme is engineered from the ground up with performance in mind. By leveraging Hugo&amp;rsquo;s powerful static site generation and combining it with modern optimization techniques, we deliver websites that load instantly and run smoothly.&lt;/p>
&lt;h3 id="performance-metrics">Performance Metrics&lt;/h3>
&lt;ul>
&lt;li>&lt;strong>Build Time&lt;/strong>: Less than 1 second for most sites&lt;/li>
&lt;li>&lt;strong>Page Load Time&lt;/strong>: Under 500ms first contentful paint&lt;/li>
&lt;li>&lt;strong>Time to Interactive&lt;/strong>: Under 1.5 seconds&lt;/li>
&lt;li>&lt;strong>Google Lighthouse Score&lt;/strong>: 95+ on all metrics&lt;/li>
&lt;/ul>
&lt;h3 id="optimization-features">Optimization Features&lt;/h3>
&lt;h4 id="asset-optimization">Asset Optimization&lt;/h4>
&lt;ul>
&lt;li>Automatic image optimization and WebP conversion&lt;/li>
&lt;li>CSS minification and purging of unused styles&lt;/li>
&lt;li>JavaScript bundling and tree-shaking&lt;/li>
&lt;li>Lazy loading of images and components&lt;/li>
&lt;/ul>
&lt;h4 id="caching-strategy">Caching Strategy&lt;/h4>
&lt;ul>
&lt;li>Efficient browser caching with proper headers&lt;/li>
&lt;li>Static asset fingerprinting&lt;/li>
&lt;li>Pre-rendered HTML for instant loads&lt;/li>
&lt;li>Service worker for offline capabilities&lt;/li>
&lt;/ul>
&lt;h4 id="cdn-integration">CDN Integration&lt;/h4>
&lt;ul>
&lt;li>Built for global distribution&lt;/li>
&lt;li>Edge caching ready&lt;/li>
&lt;li>Automatic cache invalidation&lt;/li>
&lt;li>Geographic redundancy&lt;/li>
&lt;/ul>
&lt;p>Our performance-first approach ensures your website not only looks great but delivers an exceptional user experience through blazing-fast load times and smooth interactions.&lt;/p></description></item></channel></rss>