<?xml version="1.0" encoding="utf-8" standalone="yes"?>
<rss version="2.0" xmlns:atom="http://www.w3.org/2005/Atom">
  <channel>
    <title>Verkoopautomatisering on Deductive</title>
    <link>http://localhost:1313/tags/verkoopautomatisering/</link>
    <description>Recent content in Verkoopautomatisering on Deductive</description>
    <generator>Hugo</generator>
    <language>nl-NL</language>
    <lastBuildDate>Thu, 25 Jan 2024 00:00:00 +0000</lastBuildDate>
    <atom:link href="http://localhost:1313/tags/verkoopautomatisering/index.xml" rel="self" type="application/rss+xml" />
    <item>
      <title>Hoe een intelligente offertetool uw verkoopefficiëntie verhoogt</title>
      <link>http://localhost:1313/blog/offertetool-verhoogt-verkoopeffici%C3%ABntie/</link>
      <pubDate>Thu, 25 Jan 2024 00:00:00 +0000</pubDate>
      <guid>http://localhost:1313/blog/offertetool-verhoogt-verkoopeffici%C3%ABntie/</guid>
      <description>&lt;div class=&#34;bg-gray-50 p-6 rounded-lg mb-8&#34;&gt;&#xA;    &lt;h2 class=&#34;text-xl font-semibold mb-4&#34;&gt;Table of Contents&lt;/h2&gt;&#xA;    &lt;nav id=&#34;TableOfContents&#34;&gt;&#xA;  &lt;ul&gt;&#xA;    &lt;li&gt;&lt;a href=&#34;#de-uitdaging-van-moderne-offertes&#34;&gt;De uitdaging van moderne offertes&lt;/a&gt;&lt;/li&gt;&#xA;    &lt;li&gt;&lt;a href=&#34;#wat-is-een-intelligente-offertetool&#34;&gt;Wat is een Intelligente Offertetool?&lt;/a&gt;&#xA;      &lt;ul&gt;&#xA;        &lt;li&gt;&lt;a href=&#34;#analyseert-automatisch&#34;&gt;Analyseert Automatisch&lt;/a&gt;&lt;/li&gt;&#xA;        &lt;li&gt;&lt;a href=&#34;#berekent-intelligent&#34;&gt;Berekent Intelligent&lt;/a&gt;&lt;/li&gt;&#xA;        &lt;li&gt;&lt;a href=&#34;#personaliseert-effectief&#34;&gt;Personaliseert Effectief&lt;/a&gt;&lt;/li&gt;&#xA;      &lt;/ul&gt;&#xA;    &lt;/li&gt;&#xA;    &lt;li&gt;&lt;a href=&#34;#voordelen-voor-uw-bedrijf&#34;&gt;Voordelen voor Uw Bedrijf&lt;/a&gt;&#xA;      &lt;ul&gt;&#xA;        &lt;li&gt;&lt;a href=&#34;#1-dramatisch-snellere-offertes&#34;&gt;1. Dramatisch Snellere Offertes&lt;/a&gt;&lt;/li&gt;&#xA;        &lt;li&gt;&lt;a href=&#34;#2-hogere-conversiepercentages&#34;&gt;2. Hogere Conversiepercentages&lt;/a&gt;&lt;/li&gt;&#xA;        &lt;li&gt;&lt;a href=&#34;#3-verbeterde-winstmarges&#34;&gt;3. Verbeterde Winstmarges&lt;/a&gt;&lt;/li&gt;&#xA;        &lt;li&gt;&lt;a href=&#34;#4-consistente-kwaliteit&#34;&gt;4. Consistente Kwaliteit&lt;/a&gt;&lt;/li&gt;&#xA;      &lt;/ul&gt;&#xA;    &lt;/li&gt;&#xA;    &lt;li&gt;&lt;a href=&#34;#implementatie-proces&#34;&gt;Implementatie Proces&lt;/a&gt;&#xA;      &lt;ul&gt;&#xA;        &lt;li&gt;&lt;a href=&#34;#fase-1-analyse--setup&#34;&gt;Fase 1: Analyse &amp;amp; Setup&lt;/a&gt;&lt;/li&gt;&#xA;        &lt;li&gt;&lt;a href=&#34;#fase-2-configuratie&#34;&gt;Fase 2: Configuratie&lt;/a&gt;&lt;/li&gt;&#xA;        &lt;li&gt;&lt;a href=&#34;#fase-3-testing--optimalisatie&#34;&gt;Fase 3: Testing &amp;amp; Optimalisatie&lt;/a&gt;&lt;/li&gt;&#xA;      &lt;/ul&gt;&#xA;    &lt;/li&gt;&#xA;    &lt;li&gt;&lt;a href=&#34;#technische-innovaties&#34;&gt;Technische Innovaties&lt;/a&gt;&#xA;      &lt;ul&gt;&#xA;        &lt;li&gt;&lt;a href=&#34;#ai-algoritmen&#34;&gt;AI-Algoritmen&lt;/a&gt;&lt;/li&gt;&#xA;        &lt;li&gt;&lt;a href=&#34;#integraties&#34;&gt;Integraties&lt;/a&gt;&lt;/li&gt;&#xA;      &lt;/ul&gt;&#xA;    &lt;/li&gt;&#xA;    &lt;li&gt;&lt;a href=&#34;#roi-en-resultaten&#34;&gt;ROI en Resultaten&lt;/a&gt;&#xA;      &lt;ul&gt;&#xA;        &lt;li&gt;&lt;a href=&#34;#gemiddelde-resultaten&#34;&gt;Gemiddelde Resultaten&lt;/a&gt;&lt;/li&gt;&#xA;        &lt;li&gt;&lt;a href=&#34;#case-study-techsolutions-bv&#34;&gt;Case Study: TechSolutions BV&lt;/a&gt;&lt;/li&gt;&#xA;      &lt;/ul&gt;&#xA;    &lt;/li&gt;&#xA;    &lt;li&gt;&lt;a href=&#34;#toekomst-van-offerte-automatisering&#34;&gt;Toekomst van Offerte-Automatisering&lt;/a&gt;&#xA;      &lt;ul&gt;&#xA;        &lt;li&gt;&lt;a href=&#34;#nieuwe-ontwikkelingen&#34;&gt;Nieuwe Ontwikkelingen&lt;/a&gt;&lt;/li&gt;&#xA;        &lt;li&gt;&lt;a href=&#34;#verwachtingen-2024-2025&#34;&gt;Verwachtingen 2024-2025&lt;/a&gt;&lt;/li&gt;&#xA;      &lt;/ul&gt;&#xA;    &lt;/li&gt;&#xA;    &lt;li&gt;&lt;a href=&#34;#conclusie&#34;&gt;Conclusie&lt;/a&gt;&lt;/li&gt;&#xA;    &lt;li&gt;&lt;a href=&#34;#bronnen-en-referenties&#34;&gt;Bronnen en Referenties&lt;/a&gt;&lt;/li&gt;&#xA;    &lt;li&gt;&lt;a href=&#34;#volgende-stappen&#34;&gt;Volgende Stappen&lt;/a&gt;&lt;/li&gt;&#xA;  &lt;/ul&gt;&#xA;&lt;/nav&gt;&#xA;&lt;/div&gt;&#xA;&#xA;&lt;h2 id=&#34;de-uitdaging-van-moderne-offertes&#34;&gt;De uitdaging van moderne offertes&lt;/h2&gt;&#xA;&lt;p&gt;Het maken van offertes is een kritiek onderdeel van elk verkoopproces, maar vaak tijdrovend en foutgevoelig. Veel bedrijven worstelen met:&lt;/p&gt;</description>
    </item>
  </channel>
</rss>
