<?xml version="1.0" encoding="utf-8" standalone="yes"?><rss version="2.0" xmlns:atom="http://www.w3.org/2005/Atom"><channel><title>Process-Demos on Deductive</title><link>https://www.deductive.nl/process-demos/</link><description>Recent content in Process-Demos on Deductive</description><generator>Hugo</generator><language>nl-NL</language><atom:link href="https://www.deductive.nl/process-demos/index.xml" rel="self" type="application/rss+xml"/><item><title>Accordion Design Demo</title><link>https://www.deductive.nl/process-demos/accordion/</link><pubDate>Mon, 01 Jan 0001 00:00:00 +0000</pubDate><guid>https://www.deductive.nl/process-demos/accordion/</guid><description>&lt;section class="py-20 bg-white">
 &lt;div class="container mx-auto px-4 sm:px-6 lg:px-8 max-w-4xl">
 &lt;div class="text-center mb-16">
 &lt;h2 class="text-4xl font-bold mb-4">Interactieve AI-Implementatie Guide&lt;/h2>
 &lt;p class="text-xl text-gray-600">Klik op elke fase om meer te ontdekken&lt;/p>
 &lt;/div>
 
 &lt;div class="space-y-4">
 
 &lt;div class="accordion-item border-2 border-gray-200 rounded-xl overflow-hidden transition-all duration-300 hover:border-primary-300">
 &lt;div class="accordion-header bg-gradient-to-r from-primary-50 to-primary-100 p-6 cursor-pointer select-none" onclick="toggleAccordion(1)">
 &lt;div class="flex items-center justify-between">
 &lt;div class="flex items-center">
 &lt;div class="w-12 h-12 bg-primary-600 rounded-full flex items-center justify-center text-white font-bold mr-4">
 1
 &lt;/div>
 &lt;div>
 &lt;h3 class="text-xl font-bold text-gray-900">Discovery &amp; Analyse Fase&lt;/h3>
 &lt;p class="text-gray-600">Strategie ontwikkeling en requirement gathering&lt;/p>
 &lt;/div>
 &lt;/div>
 &lt;div class="flex items-center">
 &lt;span class="text-sm text-primary-600 font-semibold mr-4">1-2 weken&lt;/span>
 &lt;svg class="w-6 h-6 text-primary-600 transform transition-transform duration-300" id="arrow-1" fill="none" stroke="currentColor" viewBox="0 0 24 24">
 &lt;path stroke-linecap="round" stroke-linejoin="round" stroke-width="2" d="M19 9l-7 7-7-7"/>
 &lt;/svg>
 &lt;/div>
 &lt;/div>
 &lt;/div>
 &lt;div class="accordion-content max-h-0 overflow-hidden transition-all duration-300" id="content-1">
 &lt;div class="p-6 border-t border-gray-200">
 &lt;div class="grid grid-cols-1 md:grid-cols-2 gap-6">
 &lt;div>
 &lt;h4 class="font-semibold text-lg mb-3 text-gray-900">Wat we doen:&lt;/h4>
 &lt;ul class="space-y-2">
 &lt;li class="flex items-start">
 &lt;div class="w-2 h-2 bg-primary-600 rounded-full mt-2 mr-3">&lt;/div>
 &lt;span class="text-gray-700">Stakeholder interviews en workshops&lt;/span>
 &lt;/li>
 &lt;li class="flex items-start">
 &lt;div class="w-2 h-2 bg-primary-600 rounded-full mt-2 mr-3">&lt;/div>
 &lt;span class="text-gray-700">Huidige proces mapping en analyse&lt;/span>
 &lt;/li>
 &lt;li class="flex items-start">
 &lt;div class="w-2 h-2 bg-primary-600 rounded-full mt-2 mr-3">&lt;/div>
 &lt;span class="text-gray-700">Technical feasibility assessment&lt;/span>
 &lt;/li>
 &lt;li class="flex items-start">
 &lt;div class="w-2 h-2 bg-primary-600 rounded-full mt-2 mr-3">&lt;/div>
 &lt;span class="text-gray-700">ROI projecties en business case&lt;/span>
 &lt;/li>
 &lt;/ul>
 &lt;/div>
 &lt;div>
 &lt;h4 class="font-semibold text-lg mb-3 text-gray-900">Deliverables:&lt;/h4>
 &lt;div class="space-y-3">
 &lt;div class="bg-gray-50 p-3 rounded-lg">
 &lt;div class="font-medium text-gray-900">AI Strategy Document&lt;/div>
 &lt;div class="text-sm text-gray-600">Volledige strategie en implementatie roadmap&lt;/div>
 &lt;/div>
 &lt;div class="bg-gray-50 p-3 rounded-lg">
 &lt;div class="font-medium text-gray-900">Technical Architecture&lt;/div>
 &lt;div class="text-sm text-gray-600">Systeem architectuur en technische specificaties&lt;/div>
 &lt;/div>
 &lt;div class="bg-gray-50 p-3 rounded-lg">
 &lt;div class="font-medium text-gray-900">Project Timeline&lt;/div>
 &lt;div class="text-sm text-gray-600">Gedetailleerde planning en milestones&lt;/div>
 &lt;/div>
 &lt;/div>
 &lt;/div>
 &lt;/div>
 &lt;/div>
 &lt;/div>
 &lt;/div>
 
 
 &lt;div class="accordion-item border-2 border-gray-200 rounded-xl overflow-hidden transition-all duration-300 hover:border-secondary-300">
 &lt;div class="accordion-header bg-gradient-to-r from-secondary-50 to-secondary-100 p-6 cursor-pointer select-none" onclick="toggleAccordion(2)">
 &lt;div class="flex items-center justify-between">
 &lt;div class="flex items-center">
 &lt;div class="w-12 h-12 bg-secondary-600 rounded-full flex items-center justify-center text-white font-bold mr-4">
 2
 &lt;/div>
 &lt;div>
 &lt;h3 class="text-xl font-bold text-gray-900">Proof of Concept Fase&lt;/h3>
 &lt;p class="text-gray-600">Rapid prototyping en validatie&lt;/p></description></item><item><title>Animated Design Demo</title><link>https://www.deductive.nl/process-demos/animated/</link><pubDate>Mon, 01 Jan 0001 00:00:00 +0000</pubDate><guid>https://www.deductive.nl/process-demos/animated/</guid><description>&lt;section class="py-20 bg-gradient-to-br from-gray-50 to-blue-50">
 &lt;div class="container mx-auto px-4 sm:px-6 lg:px-8 max-w-6xl">
 &lt;div class="text-center mb-16">
 &lt;h2 class="text-4xl font-bold mb-4">AI-Implementatie Journey&lt;/h2>
 &lt;p class="text-xl text-gray-600">Stap voor stap naar AI-succes&lt;/p>
 &lt;/div>
 
 &lt;div class="grid grid-cols-1 md:grid-cols-2 lg:grid-cols-4 gap-8">
 
 &lt;div class="process-step group" data-step="1">
 &lt;div class="relative bg-white rounded-2xl shadow-lg p-6 transform hover:scale-105 transition-all duration-500 hover:shadow-2xl">
 
 &lt;div class="absolute -top-4 -right-4 w-12 h-12 bg-primary-600 rounded-full flex items-center justify-center text-white font-bold text-lg shadow-lg">
 01
 &lt;/div>
 
 
 &lt;div class="w-16 h-16 bg-primary-100 rounded-full flex items-center justify-center mb-6 group-hover:bg-primary-200 transition-colors duration-300">
 &lt;svg class="w-8 h-8 text-primary-600" fill="none" stroke="currentColor" viewBox="0 0 24 24">
 &lt;path stroke-linecap="round" stroke-linejoin="round" stroke-width="2" d="M9.663 17h4.673M12 3v1m6.364 1.636l-.707.707M21 12h-1M4 12H3m3.343-5.657l-.707-.707m2.828 9.9a5 5 0 117.072 0l-.548.547A3.374 3.374 0 0014 18.469V19a2 2 0 11-4 0v-.531c0-.895-.356-1.754-.988-2.386l-.548-.547z"/>
 &lt;/svg>
 &lt;/div>
 
 
 &lt;h3 class="text-xl font-bold mb-3">Discovery &amp; Strategische Planning&lt;/h3>
 &lt;p class="text-gray-600 mb-4">We duiken diep in uw bedrijfsprocessen en identificeren de meest impactvolle AI-mogelijkheden.&lt;/p></description></item><item><title>Circular Design Demo</title><link>https://www.deductive.nl/process-demos/circular/</link><pubDate>Mon, 01 Jan 0001 00:00:00 +0000</pubDate><guid>https://www.deductive.nl/process-demos/circular/</guid><description>&lt;section class="py-20 bg-gray-900 text-white relative overflow-hidden">
 &lt;div class="container mx-auto px-4 sm:px-6 lg:px-8 max-w-6xl">
 &lt;div class="text-center mb-16">
 &lt;h2 class="text-4xl font-bold mb-4">AI-Transformatie Cyclus&lt;/h2>
 &lt;p class="text-xl text-gray-300">Een continue cyclus van innovatie en verbetering&lt;/p>
 &lt;/div>
 
 
 &lt;div class="absolute inset-0 overflow-hidden">
 &lt;div class="absolute top-1/4 left-1/4 w-96 h-96 bg-primary-600 rounded-full opacity-10 animate-pulse">&lt;/div>
 &lt;div class="absolute bottom-1/4 right-1/4 w-64 h-64 bg-secondary-600 rounded-full opacity-10 animate-pulse" style="animation-delay: 1s;">&lt;/div>
 &lt;/div>
 
 &lt;div class="relative z-10 flex justify-center">
 &lt;div class="relative w-96 h-96 mx-auto">
 
 &lt;div class="absolute top-1/2 left-1/2 transform -translate-x-1/2 -translate-y-1/2 w-24 h-24 bg-gradient-to-br from-primary-600 to-secondary-600 rounded-full flex items-center justify-center shadow-2xl">
 &lt;svg class="w-12 h-12 text-white" fill="none" stroke="currentColor" viewBox="0 0 24 24">
 &lt;path stroke-linecap="round" stroke-linejoin="round" stroke-width="2" d="M13 10V3L4 14h7v7l9-11h-7z"/>
 &lt;/svg>
 &lt;/div>
 
 
 &lt;div class="absolute inset-0 border-4 border-dashed border-gray-600 rounded-full animate-spin" style="animation-duration: 30s;">&lt;/div>
 
 
 &lt;div class="absolute top-0 left-1/2 transform -translate-x-1/2 -translate-y-1/2 group">
 &lt;div class="w-16 h-16 bg-primary-600 rounded-full flex items-center justify-center shadow-xl hover:scale-110 transition-transform duration-300 cursor-pointer">
 &lt;span class="text-white font-bold text-lg">1&lt;/span>
 &lt;/div>
 &lt;div class="absolute top-full mt-4 left-1/2 transform -translate-x-1/2 w-64 opacity-0 group-hover:opacity-100 transition-opacity duration-300">
 &lt;div class="bg-white text-gray-900 p-4 rounded-lg shadow-xl">
 &lt;h3 class="font-bold text-lg mb-2">Strategische Analyse&lt;/h3>
 &lt;p class="text-sm mb-3">Diepgaande analyse van uw business processes en AI-mogelijkheden&lt;/p></description></item><item><title>Dashboard Design Demo</title><link>https://www.deductive.nl/process-demos/dashboard/</link><pubDate>Mon, 01 Jan 0001 00:00:00 +0000</pubDate><guid>https://www.deductive.nl/process-demos/dashboard/</guid><description>&lt;section class="py-20 bg-gradient-to-br from-gray-100 to-gray-200">
 &lt;div class="container mx-auto px-4 sm:px-6 lg:px-8 max-w-7xl">
 &lt;div class="text-center mb-16">
 &lt;h2 class="text-4xl font-bold mb-4">AI-Implementatie Dashboard&lt;/h2>
 &lt;p class="text-xl text-gray-600">Real-time inzicht in uw AI-transformatie proces&lt;/p>
 &lt;/div>
 
 
 &lt;div class="bg-white rounded-2xl shadow-2xl p-8">
 
 &lt;div class="grid grid-cols-1 md:grid-cols-4 gap-6 mb-8">
 &lt;div class="bg-gradient-to-r from-primary-500 to-primary-600 rounded-xl p-6 text-white">
 &lt;div class="flex items-center justify-between">
 &lt;div>
 &lt;p class="text-primary-100 text-sm font-medium">GEMIDDELDE PROJECTDUUR&lt;/p>
 &lt;p class="text-2xl font-bold">8-12 weken&lt;/p>
 &lt;/div>
 &lt;div class="w-12 h-12 bg-white bg-opacity-20 rounded-full flex items-center justify-center">
 &lt;svg class="w-6 h-6" fill="currentColor" viewBox="0 0 24 24">
 &lt;path d="M12 2C6.48 2 2 6.48 2 12s4.48 10 10 10 10-4.48 10-10S17.52 2 12 2zm-2 15l-5-5 1.41-1.41L10 14.17l7.59-7.59L19 8l-9 9z"/>
 &lt;/svg>
 &lt;/div>
 &lt;/div>
 &lt;/div>
 
 &lt;div class="bg-gradient-to-r from-secondary-500 to-secondary-600 rounded-xl p-6 text-white">
 &lt;div class="flex items-center justify-between">
 &lt;div>
 &lt;p class="text-secondary-100 text-sm font-medium">SUCCES RATE&lt;/p></description></item><item><title>Roadmap Design Demo</title><link>https://www.deductive.nl/process-demos/roadmap/</link><pubDate>Mon, 01 Jan 0001 00:00:00 +0000</pubDate><guid>https://www.deductive.nl/process-demos/roadmap/</guid><description>&lt;section class="py-20 bg-gradient-to-br from-blue-50 to-purple-50">
 &lt;div class="container mx-auto px-4 sm:px-6 lg:px-8 max-w-7xl">
 &lt;div class="text-center mb-16">
 &lt;h2 class="text-4xl font-bold mb-4">AI-Implementatie Roadmap&lt;/h2>
 &lt;p class="text-xl text-gray-600">Een stap-voor-stap journey naar AI-succes&lt;/p>
 &lt;/div>
 
 
 &lt;div class="relative overflow-x-auto">
 &lt;div class="min-w-max">
 
 &lt;div class="relative h-8 bg-gradient-to-r from-primary-600 via-secondary-600 to-green-600 rounded-full mb-8 shadow-lg">
 &lt;div class="absolute inset-0 bg-gradient-to-r from-primary-600 via-secondary-600 to-green-600 rounded-full animate-pulse opacity-30">&lt;/div>
 &lt;/div>
 
 
 &lt;div class="flex justify-between items-start relative -mt-16">
 
 &lt;div class="flex flex-col items-center w-64 group">
 &lt;div class="relative">
 &lt;div class="w-16 h-16 bg-primary-600 rounded-full flex items-center justify-center shadow-xl transform group-hover:scale-110 transition-transform duration-300 border-4 border-white">
 &lt;svg class="w-8 h-8 text-white" fill="none" stroke="currentColor" viewBox="0 0 24 24">
 &lt;path stroke-linecap="round" stroke-linejoin="round" stroke-width="2" d="M9 12l2 2 4-4m6 2a9 9 0 11-18 0 9 9 0 0118 0z"/>
 &lt;/svg>
 &lt;/div>
 &lt;div class="absolute -top-2 -right-2 w-6 h-6 bg-yellow-400 rounded-full flex items-center justify-center text-xs font-bold text-gray-900">1&lt;/div>
 &lt;/div>
 &lt;div class="mt-6 text-center">
 &lt;h3 class="text-xl font-bold text-gray-900 mb-2">Discovery &amp; Analyse&lt;/h3>
 &lt;p class="text-gray-600 text-sm mb-4">Diepgaande analyse van uw huidige processen en AI-potentieel&lt;/p></description></item></channel></rss>